SNo,Date ,series ,OPEN ,HIGH ,LOW ,PREV. CLOSE ,ltp ,close ,vwap ,52W H ,52W L ,VOLUME ,VALUE ,No of trades ,PE Ratio,Face Value,OPS,NOPS,NPM
1,31-Mar-20,EQ,"1,837.40","1,855.00","1,780.00","1,778.50","1,819.00","1,826.10","1,824.45","2,296.20","1,506.05",3927593,"7,165,706,825.15",190774,20.60130866,1,112.22,418.26,20.6
2,1-Apr-20,EQ,"1,825.90","1,834.75","1,702.00","1,826.10","1,714.00","1,708.75","1,763.66","2,296.20","1,506.05",4941898,"8,715,811,596.15",221364,19.27741426,1,112.22,418.26,20.6
3,3-Apr-20,EQ,"1,740.00","1,740.00","1,650.00","1,708.75","1,659.00","1,654.20","1,688.30","2,296.20","1,506.05",5735529,"9,683,316,717.35",244588,18.66200361,1,112.22,418.26,20.6
4,7-Apr-20,EQ,"1,710.00","1,785.85","1,705.00","1,654.20","1,765.85","1,775.20","1,747.20","2,296.20","1,506.05",5427965,"9,483,750,315.95",232534,20.02707581,1,112.22,418.26,20.6
5,8-Apr-20,EQ,"1,760.00","1,806.00","1,701.00","1,775.20","1,708.00","1,705.45","1,736.76","2,296.20","1,506.05",6285616,"10,916,585,385.25",276600,19.24018502,1,112.22,418.26,20.6
6,9-Apr-20,EQ,"1,750.45","1,778.80","1,731.20","1,705.45","1,761.00","1,766.15","1,759.13","2,296.20","1,506.05",5307649,"9,336,868,535.45",184889,19.92497744,1,112.22,418.26,20.6
7,13-Apr-20,EQ,"1,761.00","1,787.00","1,746.00","1,766.15","1,761.60","1,759.25","1,761.05","2,296.20","1,506.05",2990478,"5,266,381,662.60",105582,19.84713448,1,112.22,418.26,20.6
8,15-Apr-20,EQ,"1,785.00","1,812.00","1,727.80","1,759.25","1,735.00","1,735.15","1,774.09","2,296.20","1,506.05",4761401,"8,447,176,543.00",196087,19.57524819,1,112.22,418.26,20.6
9,16-Apr-20,EQ,"1,709.95","1,764.90","1,675.05","1,735.15","1,720.50","1,716.05","1,720.54","2,296.20","1,506.05",6245583,"10,745,755,665.25",284814,19.35976986,1,112.22,418.26,20.6
10,17-Apr-20,EQ,"1,800.00","1,851.95","1,753.00","1,716.05","1,810.00","1,806.20","1,815.31","2,296.20","1,506.05",9895825,"17,964,025,727.10",363192,20.37680505,1,112.22,418.26,20.6
11,20-Apr-20,EQ,"1,830.00","1,830.00","1,802.50","1,806.20","1,818.60","1,818.65","1,815.63","2,296.20","1,506.05",3244293,"5,890,435,540.80",136285,20.51726083,1,112.22,418.26,20.6
12,21-Apr-20,EQ,"1,765.00","1,794.60","1,727.70","1,818.65","1,737.75","1,737.65","1,749.84","2,296.20","1,506.05",5122606,"8,963,743,508.55",190349,19.60345217,1,112.22,418.26,20.6
13,22-Apr-20,EQ,"1,737.65","1,790.00","1,719.15","1,737.65","1,773.00","1,769.50","1,754.72","2,296.20","1,506.05",3829839,"6,720,279,557.60",180947,19.96277076,1,112.22,418.26,20.6
14,23-Apr-20,EQ,"1,780.00","1,900.00","1,760.85","1,769.50","1,867.10","1,878.25","1,844.03","2,296.20","1,506.05",5934424,"10,943,235,329.50",257398,21.1896435,1,112.22,418.26,20.6
15,24-Apr-20,EQ,"1,840.70","1,851.95","1,807.80","1,878.25","1,821.00","1,818.55","1,825.54","2,296.20","1,506.05",2987150,"5,453,169,062.40",142967,20.51613267,1,112.22,418.26,20.6
16,27-Apr-20,EQ,"1,832.30","1,875.00","1,825.00","1,818.55","1,834.00","1,836.60","1,853.60","2,296.20","1,506.05",3374747,"6,255,422,140.55",140822,20.71976534,1,112.22,418.26,20.6
17,28-Apr-20,EQ,"1,865.00","1,868.00","1,832.60","1,836.60","1,865.00","1,859.05","1,851.06","2,296.20","1,506.05",2678512,"4,958,095,389.70",117278,20.973037,1,112.22,418.26,20.6
18,29-Apr-20,EQ,"1,874.00","1,912.55","1,850.05","1,859.05","1,903.00","1,905.65","1,882.90","2,296.20","1,506.05",4241579,"7,986,490,066.35",158389,21.49875903,1,112.22,418.26,20.6
19,30-Apr-20,EQ,"1,980.00","2,032.00","1,942.20","1,905.65","2,019.55","2,014.45","1,989.49","2,296.20","1,506.05",5915950,"11,769,706,997.75",241064,22.72619585,1,112.22,418.26,20.6
20,4-May-20,EQ,"1,966.00","1,966.00","1,913.65","2,014.45","1,930.50","1,930.45","1,939.30","2,296.20","1,506.05",3729409,"7,232,442,404.05",165528,21.77854242,1,112.22,418.26,20.6
21,5-May-20,EQ,"1,955.10","1,977.00","1,927.00","1,930.45","1,932.75","1,932.75","1,952.86","2,296.20","1,506.05",2905541,"5,674,116,774.20",147469,21.80449007,1,112.22,418.26,20.6
22,6-May-20,EQ,"1,939.80","1,953.70","1,893.60","1,932.75","1,908.50","1,903.60","1,920.77","2,296.20","1,506.05",3517432,"6,756,179,815.55",172517,21.47563177,1,112.22,418.26,20.6
23,7-May-20,EQ,"1,910.00","1,934.45","1,883.35","1,903.60","1,895.95","1,891.65","1,909.43","2,296.20","1,506.05",3166784,"6,046,765,457.30",154795,21.34081679,1,112.22,418.26,20.6
24,8-May-20,EQ,"1,939.10","1,939.50","1,886.25","1,891.65","1,897.00","1,893.40","1,902.14","2,296.20","1,506.05",2686536,"5,110,170,290.65",122431,21.36055957,1,112.22,418.26,20.6
25,11-May-20,EQ,"1,909.00","1,951.40","1,909.00","1,893.40","1,936.00","1,935.30","1,939.47","2,296.20","1,506.05",2449846,"4,751,415,048.95",120116,21.83325812,1,112.22,418.26,20.6
26,12-May-20,EQ,"1,933.40","1,956.50","1,910.25","1,935.30","1,948.00","1,949.50","1,941.23","2,296.20","1,506.05",3256630,"6,321,867,053.10",177881,21.99345668,1,112.22,418.26,20.6
27,13-May-20,EQ,"1,994.00","1,994.00","1,925.65","1,949.50","1,944.50","1,949.65","1,946.67","2,296.20","1,506.05",2656665,"5,171,649,640.05",127103,21.99514892,1,112.22,418.26,20.6
28,14-May-20,EQ,"1,910.00","1,923.10","1,891.10","1,949.65","1,902.00","1,902.35","1,905.48","2,296.20","1,506.05",2263204,"4,312,480,668.25",111897,21.46152978,1,112.22,418.26,20.6
29,15-May-20,EQ,"1,916.00","1,917.40","1,865.20","1,902.35","1,903.00","1,892.90","1,884.25","2,296.20","1,506.05",3173682,"5,980,003,285.00",157447,21.35491877,1,112.22,418.26,20.6
30,18-May-20,EQ,"1,907.00","1,952.95","1,872.10","1,892.90","1,940.05","1,945.60","1,921.10","2,296.20","1,506.05",3727896,"7,161,666,967.25",158352,21.94945848,1,112.22,418.26,20.6
31,19-May-20,EQ,"1,903.00","1,966.45","1,903.00","1,945.60","1,948.10","1,948.65","1,945.90","2,296.20","1,506.05",3198699,"6,224,360,593.35",148060,21.98386733,1,112.22,418.26,20.6
32,20-May-20,EQ,"1,950.00","1,962.90","1,931.70","1,948.65","1,953.55","1,953.60","1,946.92","2,296.20","1,506.05",2778505,"5,409,514,559.25",130438,22.03971119,1,112.22,418.26,20.6
33,21-May-20,EQ,"1,946.00","1,998.00","1,941.15","1,953.60","1,990.10","1,991.20","1,977.64","2,296.20","1,506.05",3400925,"6,725,802,265.75",125723,22.46389892,1,112.22,418.26,20.6
34,22-May-20,EQ,"1,977.10","2,032.00","1,961.25","1,991.20","2,015.15","2,020.35","2,005.12","2,296.20","1,506.05",3663422,"7,345,594,790.65",129277,22.79275722,1,112.22,418.26,20.6
35,26-May-20,EQ,"2,015.00","2,024.00","1,925.00","2,020.35","1,948.95","1,943.00","1,969.21","2,296.20","1,506.05",4575512,"9,010,142,134.85",170636,21.92012635,1,112.22,418.26,20.6
36,27-May-20,EQ,"1,959.00","2,010.00","1,941.25","1,943.00","2,008.00","2,005.30","1,975.64","2,296.20","1,506.05",3482185,"6,879,539,543.00",131846,22.62296931,1,112.22,418.26,20.6
37,28-May-20,EQ,"1,988.50","2,014.00","1,971.30","2,005.30","2,006.25","2,004.30","1,988.53","2,296.20","1,506.05",3475788,"6,911,722,437.65",149827,22.61168773,1,112.22,418.26,20.6
38,29-May-20,EQ,"1,982.00","2,002.65","1,962.40","2,004.30","1,980.90","1,972.35","1,977.79","2,296.20","1,506.05",7237765,"14,314,766,618.10",180576,22.25124097,1,112.22,418.26,20.6
39,1-Jun-20,EQ,"1,990.00","2,060.00","1,981.10","1,972.35","2,038.00","2,045.25","2,033.41","2,296.20","1,506.05",3747850,"7,620,914,144.30",146513,23.07366877,1,112.22,418.26,20.6
40,2-Jun-20,EQ,"2,060.20","2,081.00","2,040.05","2,045.25","2,049.95","2,047.15","2,057.96","2,296.20","1,506.05",2443886,"5,029,413,812.55",116685,23.09510379,1,112.22,418.26,20.6
41,3-Jun-20,EQ,"2,051.85","2,063.75","2,020.00","2,047.15","2,048.00","2,046.15","2,038.22","2,296.20","1,506.05",3699799,"7,540,990,258.25",154423,23.0838222,1,112.22,418.26,20.6
42,4-Jun-20,EQ,"2,046.75","2,100.00","2,046.75","2,046.15","2,094.95","2,091.55","2,075.82","2,296.20","1,506.05",4048593,"8,404,139,687.85",147400,23.59600632,1,112.22,418.26,20.6
43,5-Jun-20,EQ,"2,091.60","2,098.00","2,040.30","2,091.55","2,053.00","2,048.25","2,054.59","2,296.20","1,506.05",3573299,"7,341,657,005.90",143792,23.10751354,1,112.22,418.26,20.6
44,8-Jun-20,EQ,"2,078.25","2,095.00","2,062.10","2,048.25","2,070.00","2,071.75","2,078.75","2,296.20","1,506.05",2957841,"6,148,612,154.35",108037,23.37263087,1,112.22,418.26,20.6
45,9-Jun-20,EQ,"2,063.10","2,095.50","2,060.25","2,071.75","2,075.00","2,072.05","2,079.22","2,296.20","1,506.05",2910152,"6,050,853,764.50",150567,23.37601534,1,112.22,418.26,20.6
46,10-Jun-20,EQ,"2,077.05","2,132.00","2,073.50","2,072.05","2,109.00","2,108.75","2,108.53","2,296.20","1,506.05",5168494,"10,897,927,412.75",187675,23.79004964,1,112.22,418.26,20.6
47,11-Jun-20,EQ,"2,100.00","2,105.00","2,061.80","2,108.75","2,069.00","2,067.65","2,077.30","2,296.20","1,506.05",2269569,"4,714,585,319.90",100095,23.32637635,1,112.22,418.26,20.6
48,12-Jun-20,EQ,"2,011.20","2,049.20","2,011.00","2,067.65","2,037.60","2,039.50","2,026.47","2,296.20","1,506.05",2842757,"5,760,775,770.15",130558,23.00879964,1,112.22,418.26,20.6
49,15-Jun-20,EQ,"2,039.10","2,059.00","2,000.95","2,039.50","2,036.20","2,029.90","2,027.78","2,296.20","1,506.05",2399028,"4,864,706,967.65",97163,22.90049639,1,112.22,418.26,20.6
50,16-Jun-20,EQ,"2,065.00","2,073.95","2,031.00","2,029.90","2,041.80","2,045.80","2,051.87","2,296.20","1,506.05",2146528,"4,404,387,581.95",89213,23.07987365,1,112.22,418.26,20.6
51,17-Jun-20,EQ,"2,046.00","2,058.85","2,026.55","2,045.80","2,048.00","2,047.80","2,042.73","2,296.20","1,506.05",2703546,"5,522,609,994.85",92658,23.10243682,1,112.22,418.26,20.6
52,18-Jun-20,EQ,"2,045.00","2,059.20","2,025.20","2,047.80","2,036.20","2,038.10","2,039.63","2,296.20","1,506.05",1944471,"3,966,007,263.55",77874,22.99300542,1,112.22,418.26,20.6
53,19-Jun-20,EQ,"2,042.00","2,090.00","2,032.00","2,038.10","2,043.65","2,044.60","2,050.29","2,296.20","1,506.05",5681784,"11,649,300,600.55",152183,23.06633574,1,112.22,418.26,20.6
54,22-Jun-20,EQ,"2,050.00","2,052.25","2,019.15","2,044.60","2,032.00","2,027.95","2,033.74","2,296.20","1,506.05",3196138,"6,500,116,008.40",109018,22.87849729,1,112.22,418.26,20.6
55,23-Jun-20,EQ,"2,027.00","2,044.00","2,010.00","2,027.95","2,039.00","2,035.30","2,027.43","2,296.20","1,506.05",4206122,"8,527,623,665.40",136481,22.96141697,1,112.22,418.26,20.6
56,24-Jun-20,EQ,"2,034.00","2,064.25","2,031.60","2,035.30","2,042.00","2,042.20","2,052.03","2,296.20","1,506.05",2560951,"5,255,143,082.70",125500,23.03925993,1,112.22,418.26,20.6
57,25-Jun-20,EQ,"2,035.00","2,060.00","2,009.25","2,042.20","2,015.40","2,016.10","2,033.26","2,296.20","1,506.05",3044089,"6,189,426,011.20",127554,22.74481047,1,112.22,418.26,20.6
58,26-Jun-20,EQ,"2,025.00","2,132.00","2,019.95","2,016.10","2,115.20","2,118.85","2,095.55","2,296.20","1,506.05",6300912,"13,203,873,993.95",237429,23.90399368,1,112.22,418.26,20.6
59,29-Jun-20,EQ,"2,108.00","2,127.60","2,091.30","2,118.85","2,103.45","2,101.65","2,104.79","2,296.20","1,506.05",3076344,"6,475,066,353.75",109993,23.70995036,1,112.22,418.26,20.6
60,30-Jun-20,EQ,"2,100.00","2,111.90","2,075.05","2,101.65","2,085.05","2,082.15","2,091.70","2,296.20","1,506.05",3071877,"6,425,458,895.35",121691,23.48995939,1,112.22,418.26,20.6
61,1-Jul-20,EQ,"2,079.70","2,113.95","2,079.50","2,082.15","2,095.00","2,092.05","2,100.06","2,296.20","1,506.05",2503466,"5,257,440,478.80",103067,23.60164711,1,112.22,418.26,20.6
62,2-Jul-20,EQ,"2,102.00","2,165.00","2,098.00","2,092.05","2,159.00","2,157.15","2,143.79","2,296.20","1,506.05",3758709,"8,057,866,454.25",140145,24.33607852,1,112.22,418.26,20.6
63,3-Jul-20,EQ,"2,163.65","2,205.00","2,160.25","2,157.15","2,195.00","2,199.65","2,188.80","2,296.20","1,506.05",4185215,"9,160,581,121.55",130448,24.81554603,1,112.22,418.26,20.6
64,6-Jul-20,EQ,"2,205.00","2,269.90","2,205.00","2,199.65","2,261.00","2,263.20","2,247.63","2,296.20","1,506.05",5190366,"11,666,032,835.75",161168,25.53249097,1,112.22,418.26,20.6
65,7-Jul-20,EQ,"2,275.00","2,302.70","2,232.15","2,263.20","2,269.90","2,269.90","2,263.92","2,302.70","1,506.05",5630081,"12,746,071,795.85",206374,25.60807762,1,112.22,418.26,20.6
66,8-Jul-20,EQ,"2,270.00","2,274.40","2,207.60","2,269.90","2,219.00","2,218.90","2,240.93","2,302.70","1,506.05",2793674,"6,260,425,745.30",130484,25.03271661,1,112.22,418.26,20.6
67,9-Jul-20,EQ,"2,229.00","2,244.50","2,191.05","2,218.90","2,212.50","2,204.35","2,209.06","2,302.70","1,506.05",3443998,"7,608,014,933.10",133367,24.86856949,1,112.22,418.26,20.6
68,10-Jul-20,EQ,"2,205.25","2,249.85","2,176.00","2,204.35","2,221.10","2,222.35","2,210.93","2,302.70","1,506.05",9610327,"21,247,734,506.45",292369,25.07163809,1,112.22,418.26,20.6
69,13-Jul-20,EQ,"2,220.00","2,244.95","2,210.00","2,222.35","2,222.25","2,220.00","2,225.83","2,302.70","1,506.05",2963525,"6,596,301,813.00",100495,25.04512635,1,112.22,418.26,20.6
70,14-Jul-20,EQ,"2,210.00","2,239.00","2,165.00","2,220.00","2,175.00","2,171.95","2,199.60","2,302.70","1,506.05",2976749,"6,547,668,459.85",117480,24.50304603,1,112.22,418.26,20.6
71,15-Jul-20,EQ,"2,185.00","2,260.00","2,181.10","2,171.95","2,231.10","2,233.90","2,228.76","2,302.70","1,506.05",5569322,"12,412,685,911.00",201144,25.20194043,1,112.22,418.26,20.6
72,16-Jul-20,EQ,"2,244.00","2,333.00","2,220.10","2,233.90","2,233.00","2,234.75","2,275.23","2,333.00","1,506.05",8582120,"19,526,280,238.75",279321,25.21152978,1,112.22,418.26,20.6
73,17-Jul-20,EQ,"2,237.00","2,243.90","2,190.05","2,234.75","2,207.90","2,200.75","2,204.05","2,333.00","1,506.05",4509143,"9,938,360,278.70",183317,24.82795578,1,112.22,418.26,20.6
74,20-Jul-20,EQ,"2,201.00","2,226.90","2,190.80","2,200.75","2,214.00","2,207.90","2,205.50","2,333.00","1,506.05",2952719,"6,512,221,316.75",99805,24.90861913,1,112.22,418.26,20.6
75,21-Jul-20,EQ,"2,230.00","2,238.65","2,201.15","2,207.90","2,224.55","2,225.05","2,220.42","2,333.00","1,506.05",2665386,"5,918,277,153.05",128640,25.10209838,1,112.22,418.26,20.6
76,22-Jul-20,EQ,"2,231.00","2,231.00","2,184.20","2,225.05","2,190.00","2,190.95","2,199.54","2,333.00","1,506.05",2861698,"6,294,421,979.40",108851,24.71739621,1,112.22,418.26,20.6
77,23-Jul-20,EQ,"2,190.95","2,190.95","2,163.00","2,190.95","2,174.20","2,171.20","2,175.33","2,333.00","1,506.05",2265791,"4,928,835,981.45",100469,24.49458484,1,112.22,418.26,20.6
78,24-Jul-20,EQ,"2,154.50","2,163.00","2,125.10","2,171.20","2,158.80","2,157.40","2,143.70","2,333.00","1,506.05",3665123,"7,856,912,134.45",154927,24.33889892,1,112.22,418.26,20.6
79,27-Jul-20,EQ,"2,165.00","2,215.00","2,163.50","2,157.40","2,205.00","2,206.80","2,196.82","2,333.00","1,506.05",4248837,"9,333,922,682.60",185606,24.89620939,1,112.22,418.26,20.6
80,28-Jul-20,EQ,"2,215.00","2,320.00","2,215.00","2,206.80","2,310.20","2,309.75","2,273.26","2,333.00","1,506.05",8092458,"18,396,258,568.50",261902,26.05764892,1,112.22,418.26,20.6
81,29-Jul-20,EQ,"2,292.00","2,342.00","2,246.05","2,309.75","2,279.00","2,276.05","2,291.87","2,342.00","1,506.05",6090440,"13,958,512,382.70",231420,25.67745939,1,112.22,418.26,20.6
82,30-Jul-20,EQ,"2,285.90","2,358.00","2,272.25","2,276.05","2,281.00","2,279.50","2,315.35","2,358.00","1,506.05",7098913,"16,436,494,607.90",252271,25.71638087,1,112.22,418.26,20.6
83,31-Jul-20,EQ,"2,303.15","2,334.80","2,257.45","2,279.50","2,290.45","2,281.40","2,295.95","2,358.00","1,506.05",4723290,"10,844,452,626.95",183229,25.73781588,1,112.22,418.26,20.6
84,3-Aug-20,EQ,"2,290.45","2,303.85","2,230.70","2,281.40","2,249.00","2,254.15","2,255.66","2,358.00","1,506.05",4012445,"9,050,704,298.70",124563,25.4303926,1,112.22,418.26,20.6
85,4-Aug-20,EQ,"2,259.95","2,269.65","2,225.05","2,254.15","2,249.95","2,249.70","2,248.00","2,358.00","1,506.05",2927953,"6,582,042,650.30",113209,25.38018953,1,112.22,418.26,20.6
86,5-Aug-20,EQ,"2,260.00","2,300.00","2,253.00","2,249.70","2,259.00","2,259.50","2,270.76","2,358.00","1,506.05",3800641,"8,630,352,070.20",140871,25.4907491,1,112.22,418.26,20.6
87,6-Aug-20,EQ,"2,275.00","2,319.50","2,265.35","2,259.50","2,309.85","2,308.10","2,300.33","2,358.00","1,506.05",4748348,"10,922,785,842.90",179033,26.0390343,1,112.22,418.26,20.6
88,7-Aug-20,EQ,"2,308.00","2,328.00","2,287.00","2,308.10","2,295.00","2,295.35","2,303.80","2,358.00","1,506.05",3165495,"7,292,669,632.45",98547,25.89519404,1,112.22,418.26,20.6
89,10-Aug-20,EQ,"2,318.00","2,325.00","2,276.05","2,295.35","2,283.00","2,282.80","2,301.82","2,358.00","1,506.05",2929385,"6,742,908,492.05",83569,25.75361011,1,112.22,418.26,20.6
90,11-Aug-20,EQ,"2,283.00","2,312.00","2,275.60","2,282.80","2,282.50","2,279.90","2,290.19","2,358.00","1,506.05",2774509,"6,354,160,531.35",91227,25.7208935,1,112.22,418.26,20.6
91,12-Aug-20,EQ,"2,288.35","2,296.40","2,246.55","2,279.90","2,262.00","2,257.35","2,265.65","2,358.00","1,506.05",3415766,"7,738,926,541.25",101021,25.46649368,1,112.22,418.26,20.6
92,13-Aug-20,EQ,"2,273.00","2,300.00","2,250.50","2,257.35","2,260.00","2,254.45","2,270.22","2,358.00","1,506.05",2695682,"6,119,799,488.95",105012,25.43377708,1,112.22,418.26,20.6
93,14-Aug-20,EQ,"2,277.00","2,281.30","2,233.10","2,254.45","2,243.85","2,242.15","2,256.40","2,358.00","1,506.05",2270405,"5,122,949,862.65",95783,25.29501354,1,112.22,418.26,20.6
94,17-Aug-20,EQ,"2,263.00","2,270.00","2,238.25","2,242.15","2,260.50","2,253.40","2,253.53","2,358.00","1,506.05",2625670,"5,917,015,488.85",78270,25.42193141,1,112.22,418.26,20.6
95,18-Aug-20,EQ,"2,262.80","2,289.00","2,248.30","2,253.40","2,269.80","2,269.75","2,269.85","2,358.00","1,506.05",3493411,"7,929,511,706.25",123985,25.60638538,1,112.22,418.26,20.6
96,19-Aug-20,EQ,"2,276.35","2,284.60","2,252.50","2,269.75","2,260.00","2,256.60","2,264.81","2,358.00","1,506.05",2843007,"6,438,870,077.15",87911,25.45803249,1,112.22,418.26,20.6
97,20-Aug-20,EQ,"2,257.00","2,276.55","2,240.05","2,256.60","2,249.00","2,252.85","2,255.13","2,358.00","1,506.05",2895265,"6,529,205,375.85",97538,25.41572653,1,112.22,418.26,20.6
98,21-Aug-20,EQ,"2,260.00","2,271.00","2,241.05","2,252.85","2,249.75","2,248.60","2,252.12","2,358.00","1,506.05",1975304,"4,448,615,242.40",76072,25.36777978,1,112.22,418.26,20.6
99,24-Aug-20,EQ,"2,250.60","2,259.95","2,230.00","2,248.60","2,250.25","2,248.10","2,245.05","2,358.00","1,506.05",2167987,"4,867,239,990.35",70491,25.36213899,1,112.22,418.26,20.6
100,25-Aug-20,EQ,"2,245.00","2,250.00","2,233.55","2,248.10","2,242.00","2,242.65","2,242.51","2,358.00","1,506.05",1663454,"3,730,304,574.90",65398,25.30065433,1,112.22,418.26,20.6
101,26-Aug-20,EQ,"2,242.00","2,259.90","2,216.45","2,242.65","2,257.00","2,253.50","2,237.68","2,358.00","1,506.05",2618159,"5,858,592,736.10",100248,25.42305957,1,112.22,418.26,20.6
102,27-Aug-20,EQ,"2,266.00","2,287.35","2,241.75","2,253.50","2,250.00","2,248.40","2,265.38","2,358.00","1,506.05",3579397,"8,108,687,764.85",113510,25.36552347,1,112.22,418.26,20.6
103,28-Aug-20,EQ,"2,268.40","2,279.95","2,235.10","2,248.40","2,238.25","2,238.55","2,248.99","2,358.00","1,506.05",2941156,"6,614,621,419.35",100143,25.25439982,1,112.22,418.26,20.6
104,31-Aug-20,EQ,"2,240.00","2,276.20","2,228.00","2,238.55","2,245.95","2,257.25","2,252.44","2,358.00","1,506.05",6018160,"13,555,530,496.30",182980,25.46536552,1,112.22,418.26,20.6
105,1-Sep-20,EQ,"2,269.00","2,278.00","2,241.30","2,257.25","2,250.00","2,246.35","2,258.27","2,358.00","1,506.05",3610908,"8,154,397,946.30",122003,25.34239621,1,112.22,418.26,20.6
106,2-Sep-20,EQ,"2,247.00","2,268.75","2,241.65","2,246.35","2,263.75","2,265.15","2,257.34","2,358.00","1,506.05",2084152,"4,704,640,877.00",89121,25.55449007,1,112.22,418.26,20.6
107,3-Sep-20,EQ,"2,268.00","2,324.00","2,268.00","2,265.15","2,299.00","2,299.50","2,301.29","2,358.00","1,506.05",4654146,"10,710,523,657.90",170993,25.94201264,1,112.22,418.26,20.6
108,4-Sep-20,EQ,"2,275.00","2,324.25","2,262.95","2,299.50","2,297.65","2,288.80","2,295.35","2,358.00","1,506.05",5232180,"12,009,690,379.65",177219,25.82129964,1,112.22,418.26,20.6
109,7-Sep-20,EQ,"2,289.00","2,343.50","2,283.35","2,288.80","2,330.00","2,327.05","2,319.63","2,358.00","1,506.05",4620416,"10,717,678,247.75",157714,26.2528204,1,112.22,418.26,20.6
110,8-Sep-20,EQ,"2,335.95","2,390.45","2,327.05","2,327.05","2,343.95","2,348.20","2,365.85","2,390.45","1,506.05",7454161,"17,635,425,079.45",233593,26.49142599,1,112.22,418.26,20.6
111,9-Sep-20,EQ,"2,325.00","2,359.00","2,320.00","2,348.20","2,322.00","2,327.65","2,336.59","2,390.45","1,506.05",3866542,"9,034,529,930.40",114778,26.25958935,1,112.22,418.26,20.6
112,10-Sep-20,EQ,"2,335.00","2,348.50","2,324.30","2,327.65","2,329.10","2,331.15","2,334.85","2,390.45","1,506.05",2308813,"5,390,730,799.20",96578,26.29907491,1,112.22,418.26,20.6
113,11-Sep-20,EQ,"2,330.95","2,383.00","2,330.15","2,331.15","2,370.30","2,374.10","2,367.47","2,390.45","1,506.05",4145429,"9,814,176,117.65",161900,26.78361913,1,112.22,418.26,20.6
114,14-Sep-20,EQ,"2,384.10","2,505.75","2,381.85","2,374.10","2,485.00","2,491.40","2,447.42","2,505.75","1,506.05",7512284,"18,385,694,525.30",259748,28.10694946,1,112.22,418.26,20.6
115,15-Sep-20,EQ,"2,491.40","2,538.00","2,464.60","2,491.40","2,489.00","2,491.40","2,502.80","2,538.00","1,506.05",7318773,"18,317,394,072.10",229851,28.10694946,1,112.22,418.26,20.6
116,16-Sep-20,EQ,"2,488.95","2,507.60","2,477.30","2,491.40","2,502.00","2,503.00","2,492.52","2,538.00","1,506.05",3074013,"7,662,047,812.45",126981,28.23781588,1,112.22,418.26,20.6
117,17-Sep-20,EQ,"2,480.00","2,495.75","2,450.60","2,503.00","2,466.05","2,460.95","2,473.58","2,538.00","1,506.05",4828231,"11,943,032,180.10",162667,27.76342509,1,112.22,418.26,20.6
118,18-Sep-20,EQ,"2,485.00","2,500.40","2,436.40","2,460.95","2,457.50","2,449.90","2,466.95","2,538.00","1,506.05",4183256,"10,319,878,330.85",132358,27.63876354,1,112.22,418.26,20.6
119,21-Sep-20,EQ,"2,465.00","2,504.90","2,452.15","2,449.90","2,467.00","2,465.30","2,484.95","2,538.00","1,506.05",4598809,"11,427,829,681.50",182859,27.8125,1,112.22,418.26,20.6
120,22-Sep-20,EQ,"2,485.00","2,555.00","2,458.00","2,465.30","2,527.00","2,522.95","2,513.02","2,555.00","1,506.05",7499927,"18,847,485,589.00",227930,28.46288357,1,112.22,418.26,20.6
121,23-Sep-20,EQ,"2,510.00","2,519.85","2,409.00","2,522.95","2,461.05","2,467.45","2,466.68","2,555.00","1,506.05",7503152,"18,507,863,131.70",255912,27.83675542,1,112.22,418.26,20.6
122,24-Sep-20,EQ,"2,450.00","2,450.00","2,302.60","2,467.45","2,332.90","2,332.25","2,355.03","2,555.00","1,506.05",8425118,"19,841,432,992.05",304819,26.31148466,1,112.22,418.26,20.6
123,25-Sep-20,EQ,"2,368.00","2,440.00","2,352.10","2,332.25","2,417.75","2,422.30","2,412.24","2,555.00","1,506.05",8228297,"19,848,602,662.00",267956,27.3273917,1,112.22,418.26,20.6
124,28-Sep-20,EQ,"2,440.00","2,444.00","2,366.00","2,422.30","2,429.00","2,426.30","2,403.73","2,555.00","1,506.05",4347177,"10,449,459,680.45",173323,27.37251805,1,112.22,418.26,20.6
125,29-Sep-20,EQ,"2,434.85","2,511.05","2,426.30","2,426.30","2,486.75","2,488.40","2,489.18","2,555.00","1,506.05",6995815,"17,413,846,658.10",235653,28.07310469,1,112.22,418.26,20.6
126,30-Sep-20,EQ,"2,489.00","2,505.00","2,460.00","2,488.40","2,483.00","2,492.30","2,485.20","2,555.00","1,506.05",3917186,"9,734,991,232.35",133456,28.11710289,1,112.22,418.26,20.6
127,1-Oct-20,EQ,"2,510.00","2,540.00","2,492.30","2,492.30","2,540.00","2,523.45","2,508.29","2,555.00","1,506.05",2610338,"6,547,481,501.45",103469,28.46852437,1,112.22,418.26,20.6
128,5-Oct-20,EQ,"2,620.00","2,728.10","2,603.05","2,523.45","2,713.95","2,705.80","2,670.27","2,728.10","1,506.05",17412119,"46,495,113,781.25",495784,30.52572202,1,112.22,418.26,20.6
129,6-Oct-20,EQ,"2,736.00","2,736.00","2,650.10","2,705.80","2,718.00","2,714.30","2,688.29","2,736.00","1,506.05",9846376,"26,469,933,698.35",308149,30.62161552,1,112.22,418.26,20.6
130,7-Oct-20,EQ,"2,742.00","2,770.00","2,703.00","2,714.30","2,752.80","2,735.95","2,728.88","2,770.00","1,506.05",9656167,"26,350,562,848.35",306556,30.86586191,1,112.22,418.26,20.6
131,8-Oct-20,EQ,"2,800.00","2,885.00","2,800.00","2,735.95","2,818.45","2,825.70","2,855.52","2,885.00","1,506.05",19839826,"56,653,099,950.90",542541,31.87838448,1,112.22,418.26,20.6
132,9-Oct-20,EQ,"2,810.00","2,829.85","2,780.00","2,825.70","2,811.00","2,812.95","2,804.80","2,885.00","1,506.05",7739375,"21,707,426,130.55",239979,31.73454422,1,112.22,418.26,20.6
133,12-Oct-20,EQ,"2,815.50","2,854.00","2,800.75","2,812.95","2,826.15","2,830.00","2,832.22","2,885.00","1,506.05",4623211,"13,093,942,156.10",164934,31.92689531,1,112.22,418.26,20.6
134,13-Oct-20,EQ,"2,845.00","2,854.90","2,812.20","2,830.00","2,830.50","2,826.55","2,834.44","2,885.00","1,506.05",4209905,"11,932,743,666.45",156554,31.88797383,1,112.22,418.26,20.6
135,14-Oct-20,EQ,"2,842.00","2,842.00","2,787.55","2,826.55","2,810.00","2,809.60","2,808.82","2,885.00","1,506.05",4395979,"12,347,502,777.85",143887,31.6967509,1,112.22,418.26,20.6
136,15-Oct-20,EQ,"2,811.00","2,827.75","2,727.00","2,809.60","2,734.00","2,740.60","2,757.66","2,885.00","1,506.05",6629395,"18,281,595,593.85",190209,30.9183213,1,112.22,418.26,20.6
137,16-Oct-20,EQ,"2,750.10","2,771.65","2,731.30","2,740.60","2,757.00","2,763.30","2,756.34","2,885.00","1,506.05",5273773,"14,536,328,866.35",111405,31.17441336,1,112.22,418.26,20.6
138,19-Oct-20,EQ,"2,774.00","2,774.00","2,706.60","2,763.30","2,714.80","2,711.55","2,723.63","2,885.00","1,506.05",3331194,"9,072,949,037.95",151449,30.59059116,1,112.22,418.26,20.6
139,20-Oct-20,EQ,"2,725.00","2,759.90","2,717.95","2,711.55","2,739.00","2,739.00","2,743.85","2,885.00","1,506.05",3406298,"9,346,383,058.65",137012,30.90027076,1,112.22,418.26,20.6
140,21-Oct-20,EQ,"2,739.00","2,749.00","2,663.05","2,739.00","2,678.00","2,675.40","2,700.88","2,885.00","1,506.05",4570175,"12,343,484,213.25",207866,30.18276173,1,112.22,418.26,20.6
141,22-Oct-20,EQ,"2,661.00","2,686.65","2,638.10","2,675.40","2,672.90","2,671.15","2,664.97","2,885.00","1,506.05",5262311,"14,023,911,495.40",167510,30.13481498,1,112.22,418.26,20.6
142,23-Oct-20,EQ,"2,687.80","2,702.00","2,670.10","2,671.15","2,687.00","2,686.80","2,687.39","2,885.00","1,506.05",3499372,"9,404,177,977.30",124614,30.31137184,1,112.22,418.26,20.6
143,26-Oct-20,EQ,"2,689.95","2,709.95","2,670.50","2,686.80","2,690.10","2,688.20","2,694.09","2,885.00","1,506.05",2672766,"7,200,673,675.90",101255,30.32716606,1,112.22,418.26,20.6
144,27-Oct-20,EQ,"2,699.75","2,718.15","2,624.10","2,688.20","2,634.80","2,630.15","2,654.79","2,885.00","1,506.05",3537594,"9,391,582,219.20",172659,29.67226986,1,112.22,418.26,20.6
145,28-Oct-20,EQ,"2,650.00","2,655.95","2,606.00","2,630.15","2,619.50","2,622.20","2,625.65","2,885.00","1,506.05",3569515,"9,372,292,382.95",143177,29.58258123,1,112.22,418.26,20.6
146,29-Oct-20,EQ,"2,608.00","2,655.00","2,600.25","2,622.20","2,632.10","2,632.65","2,634.88","2,885.00","1,506.05",3105970,"8,183,860,034.10",121416,29.70047383,1,112.22,418.26,20.6
147,30-Oct-20,EQ,"2,636.10","2,674.35","2,621.60","2,632.65","2,663.55","2,664.85","2,654.92","2,885.00","1,506.05",3427003,"9,098,415,228.85",120277,30.06374097,1,112.22,418.26,20.6
148,2-Nov-20,EQ,"2,660.00","2,664.85","2,600.05","2,664.85","2,608.00","2,604.60","2,618.15","2,885.00","1,506.05",2571196,"6,731,784,552.10",117447,29.38402527,1,112.22,418.26,20.6
149,3-Nov-20,EQ,"2,604.00","2,665.00","2,601.05","2,604.60","2,629.00","2,633.60","2,635.01","2,885.00","1,506.05",2879269,"7,586,913,378.45",117355,29.71119134,1,112.22,418.26,20.6
150,4-Nov-20,EQ,"2,610.00","2,721.85","2,610.00","2,633.60","2,656.00","2,653.15","2,683.56","2,885.00","1,506.05",4893928,"13,133,144,835.10",210543,29.93174639,1,112.22,418.26,20.6
151,5-Nov-20,EQ,"2,685.00","2,710.00","2,667.00","2,653.15","2,688.00","2,685.70","2,688.19","2,885.00","1,506.05",2816502,"7,571,301,989.25",119199,30.29896209,1,112.22,418.26,20.6
152,6-Nov-20,EQ,"2,699.00","2,713.25","2,681.30","2,685.70","2,711.00","2,707.45","2,699.35","2,885.00","1,506.05",3884421,"10,485,427,441.60",132771,30.54433664,1,112.22,418.26,20.6
153,9-Nov-20,EQ,"2,731.10","2,744.00","2,695.10","2,707.45","2,726.00","2,726.60","2,720.53","2,885.00","1,506.05",3646592,"9,920,661,493.20",162134,30.76037906,1,112.22,418.26,20.6
154,10-Nov-20,EQ,"2,697.20","2,713.15","2,638.35","2,726.60","2,653.95","2,649.60","2,663.45","2,885.00","1,506.05",4760020,"12,678,056,831.10",240272,29.89169675,1,112.22,418.26,20.6
155,11-Nov-20,EQ,"2,667.95","2,692.80","2,643.40","2,649.60","2,687.50","2,687.80","2,669.85","2,885.00","1,506.05",3242441,"8,656,831,441.85",168899,30.32265343,1,112.22,418.26,20.6
156,12-Nov-20,EQ,"2,686.00","2,713.00","2,661.75","2,687.80","2,674.75","2,671.05","2,679.78","2,885.00","1,506.05",2437505,"6,531,986,739.75",100997,30.13368682,1,112.22,418.26,20.6
157,13-Nov-20,EQ,"2,655.75","2,664.90","2,636.00","2,671.05","2,661.20","2,656.85","2,650.87","2,885.00","1,506.05",2548093,"6,754,656,102.70",111018,29.97348827,1,112.22,418.26,20.6
158,14-Nov-20,EQ,"2,677.95","2,689.00","2,660.05","2,656.85","2,673.25","2,670.35","2,669.67","2,885.00","1,506.05",298819,"797,748,788.00",20530,30.12578971,1,112.22,418.26,20.6
159,17-Nov-20,EQ,"2,695.00","2,695.00","2,650.05","2,670.35","2,661.25","2,666.05","2,670.80","2,885.00","1,506.05",2827273,"7,551,068,267.15",134996,30.07727888,1,112.22,418.26,20.6
160,18-Nov-20,EQ,"2,661.00","2,664.20","2,607.05","2,666.05","2,626.00","2,626.65","2,625.58","2,885.00","1,506.05",2893762,"7,597,789,756.35",136273,29.6327843,1,112.22,418.26,20.6
161,19-Nov-20,EQ,"2,637.00","2,676.15","2,630.85","2,626.65","2,640.25","2,636.90","2,648.32","2,885.00","1,506.05",4167501,"11,036,855,515.70",178640,29.74842058,1,112.22,418.26,20.6
162,20-Nov-20,EQ,"2,655.00","2,676.00","2,627.55","2,636.90","2,657.80","2,660.25","2,657.32","2,885.00","1,506.05",2711471,"7,205,237,904.70",118196,30.01184567,1,112.22,418.26,20.6
163,23-Nov-20,EQ,"2,690.00","2,730.00","2,665.00","2,660.25","2,727.25","2,724.25","2,706.23","2,885.00","1,506.05",3706418,"10,030,430,979.80",150378,30.73386733,1,112.22,418.26,20.6
164,24-Nov-20,EQ,"2,734.40","2,743.00","2,705.00","2,724.25","2,726.00","2,722.05","2,724.87","2,885.00","1,506.05",3120516,"8,502,992,372.30",148092,30.70904783,1,112.22,418.26,20.6
165,25-Nov-20,EQ,"2,729.00","2,732.95","2,688.20","2,722.05","2,700.00","2,701.30","2,707.81","2,885.00","1,506.05",3302249,"8,941,871,533.30",163422,30.47495487,1,112.22,418.26,20.6
166,26-Nov-20,EQ,"2,686.00","2,730.95","2,680.00","2,701.30","2,730.00","2,720.60","2,703.16","2,885.00","1,506.05",2341099,"6,328,369,462.20",103635,30.69268953,1,112.22,418.26,20.6
167,27-Nov-20,EQ,"2,705.00","2,717.70","2,669.05","2,720.60","2,678.00","2,679.65","2,684.61","2,885.00","1,506.05",6086808,"16,340,691,429.60",168842,30.23070848,1,112.22,418.26,20.6
168,1-Dec-20,EQ,"2,679.00","2,735.90","2,624.45","2,679.65","2,729.00","2,726.80","2,695.43","2,885.00","1,506.05",3605017,"9,717,083,002.65",153842,30.76263538,1,112.22,418.26,20.6
169,2-Dec-20,EQ,"2,719.00","2,754.70","2,702.45","2,726.80","2,745.50","2,749.55","2,727.49","2,885.00","1,506.05",2509032,"6,843,351,199.50",106756,31.01929152,1,112.22,418.26,20.6
170,3-Dec-20,EQ,"2,773.90","2,773.90","2,700.80","2,749.55","2,710.00","2,709.45","2,728.72","2,885.00","1,506.05",2852548,"7,783,810,980.40",121400,30.56689982,1,112.22,418.26,20.6
171,4-Dec-20,EQ,"2,710.80","2,738.85","2,699.00","2,709.45","2,723.00","2,727.55","2,722.95","2,885.00","1,506.05",2686527,"7,315,291,484.55",121585,30.77109657,1,112.22,418.26,20.6
172,7-Dec-20,EQ,"2,715.00","2,744.00","2,706.15","2,727.55","2,741.00","2,737.70","2,721.02","2,885.00","1,506.05",1996400,"5,432,246,145.90",111040,30.88560469,1,112.22,418.26,20.6
173,8-Dec-20,EQ,"2,740.00","2,805.55","2,732.45","2,737.70","2,795.00","2,797.30","2,771.25","2,885.00","1,506.05",4277818,"11,854,914,854.55",273215,31.55798736,1,112.22,418.26,20.6
174,9-Dec-20,EQ,"2,815.00","2,840.00","2,793.15","2,797.30","2,812.05","2,810.80","2,817.31","2,885.00","1,506.05",3659996,"10,311,351,385.55",147222,31.71028881,1,112.22,418.26,20.6
175,10-Dec-20,EQ,"2,818.00","2,827.30","2,780.25","2,810.80","2,784.80","2,784.30","2,794.17","2,885.00","1,506.05",2127801,"5,945,438,936.55",106653,31.41132671,1,112.22,418.26,20.6
176,11-Dec-20,EQ,"2,792.70","2,807.70","2,764.55","2,784.30","2,782.00","2,783.60","2,789.22","2,885.00","1,506.05",1795408,"5,007,781,485.00",90719,31.4034296,1,112.22,418.26,20.6
177,14-Dec-20,EQ,"2,802.00","2,804.00","2,756.25","2,783.60","2,796.55","2,797.70","2,787.40","2,885.00","1,506.05",2483658,"6,922,952,988.10",112781,31.5625,1,112.22,418.26,20.6
178,15-Dec-20,EQ,"2,786.00","2,794.70","2,755.00","2,797.70","2,763.95","2,761.55","2,768.65","2,885.00","1,506.05",2365509,"6,549,273,569.60",152067,31.15467058,1,112.22,418.26,20.6
179,16-Dec-20,EQ,"2,779.00","2,819.80","2,760.45","2,761.55","2,810.00","2,814.20","2,792.39","2,885.00","1,506.05",2565149,"7,162,892,179.05",109504,31.74864621,1,112.22,418.26,20.6
180,17-Dec-20,EQ,"2,811.00","2,853.70","2,805.00","2,814.20","2,848.70","2,838.20","2,823.94","2,885.00","1,506.05",2863460,"8,086,236,716.70",121983,32.01940433,1,112.22,418.26,20.6
181,18-Dec-20,EQ,"2,868.00","2,898.00","2,846.20","2,838.20","2,851.95","2,861.00","2,873.74","2,898.00","1,506.05",6076692,"17,462,837,839.65",178840,32.27662455,1,112.22,418.26,20.6
182,21-Dec-20,EQ,"2,861.00","2,886.50","2,785.00","2,861.00","2,810.00","2,820.15","2,853.21","2,898.00","1,506.05",2705195,"7,718,476,165.55",141821,31.81577166,1,112.22,418.26,20.6
183,22-Dec-20,EQ,"2,834.00","2,883.65","2,818.65","2,820.15","2,870.65","2,872.50","2,848.13","2,898.00","1,506.05",2881737,"8,207,569,106.95",158517,32.40636282,1,112.22,418.26,20.6
184,23-Dec-20,EQ,"2,876.05","2,919.00","2,865.45","2,872.50","2,907.15","2,908.75","2,904.67","2,919.00","1,506.05",2790988,"8,106,911,741.25",125341,32.8153204,1,112.22,418.26,20.6
185,24-Dec-20,EQ,"2,909.00","2,921.35","2,883.20","2,908.75","2,908.95","2,909.35","2,902.86","2,921.35","1,506.05",1807144,"5,245,886,550.40",76405,32.82208935,1,112.22,418.26,20.6
186,28-Dec-20,EQ,"2,910.00","2,949.70","2,902.00","2,909.35","2,932.10","2,929.40","2,929.11","2,949.70","1,506.05",2108994,"6,177,467,465.10",106481,33.0482852,1,112.22,418.26,20.6
187,29-Dec-20,EQ,"2,920.00","2,952.00","2,920.00","2,929.40","2,935.00","2,930.50","2,937.59","2,952.00","1,506.05",1994151,"5,857,996,376.70",99597,33.06069495,1,112.22,418.26,20.6
188,30-Dec-20,EQ,"2,934.40","2,947.70","2,902.00","2,930.50","2,910.00","2,909.30","2,918.00","2,952.00","1,506.05",2637968,"7,697,596,026.60",87612,32.82152527,1,112.22,418.26,20.6
189,31-Dec-20,EQ,"2,900.00","2,905.00","2,845.00","2,909.30","2,864.95","2,862.75","2,874.36","2,952.00","1,506.05",4040956,"11,615,170,401.55",130170,32.29636733,1,112.22,418.26,20.6
190,1-Jan-21,EQ,"2,880.00","2,940.00","2,879.00","2,862.75","2,932.00","2,928.25","2,913.52","2,952.00","1,506.05",2681440,"7,812,435,140.30",88216,35.37388258,1,125.83,443.84,19.75
191,4-Jan-21,EQ,"2,950.00","3,050.75","2,940.95","2,928.25","3,042.70","3,039.45","2,998.15","3,050.75","1,506.05",5113293,"15,330,405,223.95",207562,36.71720222,1,125.83,443.84,19.75
192,5-Jan-21,EQ,"3,039.60","3,114.25","3,039.60","3,039.45","3,090.65","3,093.00","3,084.07","3,114.25","1,506.05",5801309,"17,891,634,394.80",202735,37.36409761,1,125.83,443.84,19.75
193,6-Jan-21,EQ,"3,100.00","3,113.50","3,037.20","3,093.00","3,053.00","3,051.50","3,078.56","3,114.25","1,506.05",3726716,"11,472,936,907.35",172084,36.86276878,1,125.83,443.84,19.75
194,7-Jan-21,EQ,"3,075.00","3,080.85","3,000.25","3,051.50","3,048.65","3,032.80","3,028.74","3,114.25","1,506.05",3717827,"11,260,321,904.20",167700,36.63686881,1,125.83,443.84,19.75
195,8-Jan-21,EQ,"3,090.00","3,128.00","3,060.00","3,032.80","3,122.75","3,120.90","3,100.97","3,128.00","1,506.05",5879039,"18,230,717,038.75",214010,37.70113554,1,125.83,443.84,19.75
196,11-Jan-21,EQ,"3,230.00","3,230.00","3,146.55","3,120.90","3,170.45","3,176.45","3,174.16","3,230.00","1,506.05",9508039,"30,180,045,841.35",294091,38.37219135,1,125.83,443.84,19.75
197,12-Jan-21,EQ,"3,176.45","3,210.00","3,150.00","3,176.45","3,172.00","3,174.85","3,187.07","3,230.00","1,506.05",3611458,"11,509,972,776.65",142696,38.35286301,1,125.83,443.84,19.75
198,13-Jan-21,EQ,"3,175.00","3,177.00","3,126.25","3,174.85","3,158.00","3,158.95","3,147.46","3,230.00","1,506.05",3572801,"11,245,261,941.15",189690,38.16078763,1,125.83,443.84,19.75
199,14-Jan-21,EQ,"3,155.00","3,266.50","3,120.40","3,158.95","3,244.35","3,250.70","3,207.17","3,266.50","1,506.05",6931542,"22,230,611,264.15",276953,39.26914714,1,125.83,443.84,19.75
200,15-Jan-21,EQ,"3,235.00","3,274.00","3,210.00","3,250.70","3,229.95","3,233.35","3,240.98","3,274.00","1,506.05",4131692,"13,390,734,930.65",193972,39.05955545,1,125.83,443.84,19.75
201,18-Jan-21,EQ,"3,250.00","3,256.75","3,187.40","3,233.35","3,215.00","3,221.75","3,230.06","3,274.00","1,506.05",4160906,"13,439,989,256.75",195067,38.91942498,1,125.83,443.84,19.75
202,19-Jan-21,EQ,"3,233.00","3,279.00","3,232.00","3,221.75","3,265.60","3,260.70","3,256.44","3,279.00","1,506.05",2975735,"9,690,307,983.35",135064,39.38994926,1,125.83,443.84,19.75
203,20-Jan-21,EQ,"3,270.00","3,327.95","3,267.10","3,260.70","3,305.00","3,308.80","3,304.97","3,327.95","1,506.05",3453446,"11,413,530,807.30",169490,39.97100749,1,125.83,443.84,19.75
204,21-Jan-21,EQ,"3,305.00","3,309.15","3,262.10","3,308.80","3,274.05","3,273.85","3,281.88","3,327.95","1,506.05",2778546,"9,118,852,661.70",134629,39.54880406,1,125.83,443.84,19.75
205,22-Jan-21,EQ,"3,241.90","3,325.00","3,241.90","3,273.85","3,292.20","3,303.10","3,300.02","3,327.95","1,506.05",3052459,"10,073,163,825.50",120993,39.90215028,1,125.83,443.84,19.75
206,25-Jan-21,EQ,"3,308.95","3,339.80","3,278.65","3,303.10","3,298.00","3,291.30","3,314.24","3,339.80","1,506.05",2272887,"7,532,889,906.35",122553,39.75960377,1,125.83,443.84,19.75
207,27-Jan-21,EQ,"3,300.00","3,306.45","3,227.00","3,291.30","3,263.00","3,261.05","3,265.48","3,339.80","1,506.05",2786662,"9,099,782,354.05",175811,39.39417734,1,125.83,443.84,19.75
208,28-Jan-21,EQ,"3,230.00","3,275.00","3,183.80","3,261.05","3,202.95","3,196.55","3,221.23","3,339.80","1,506.05",3083938,"9,934,065,466.35",154535,38.61500362,1,125.83,443.84,19.75
209,29-Jan-21,EQ,"3,210.05","3,216.85","3,100.00","3,196.55","3,126.95","3,111.35","3,142.99","3,339.80","1,506.05",5445659,"17,115,646,045.40",185207,37.58576951,1,125.83,443.84,19.75
210,1-Feb-21,EQ,"3,100.00","3,165.00","3,044.10","3,111.35","3,150.00","3,139.35","3,098.04","3,339.80","1,506.05",3985846,"12,348,318,212.80",280031,37.92401546,1,125.83,443.84,19.75
211,2-Feb-21,EQ,"3,174.00","3,224.00","3,150.00","3,139.35","3,195.00","3,203.45","3,197.36","3,339.80","1,506.05",2881837,"9,214,282,428.10",114024,38.69835709,1,125.83,443.84,19.75
212,3-Feb-21,EQ,"3,213.00","3,236.00","3,162.65","3,203.45","3,200.00","3,200.05","3,209.50","3,339.80","1,506.05",2505866,"8,042,581,723.80",116096,38.65728437,1,125.83,443.84,19.75
213,4-Feb-21,EQ,"3,216.05","3,237.85","3,176.00","3,200.05","3,185.50","3,188.45","3,198.51","3,339.80","1,506.05",2057261,"6,580,160,004.75",105804,38.5171539,1,125.83,443.84,19.75
214,5-Feb-21,EQ,"3,198.95","3,205.85","3,129.00","3,188.45","3,160.50","3,157.95","3,154.91","3,339.80","1,506.05",2366135,"7,464,932,897.55",143150,38.14870742,1,125.83,443.84,19.75
215,8-Feb-21,EQ,"3,189.50","3,226.00","3,155.15","3,157.95","3,219.00","3,214.10","3,191.08","3,339.80","1,506.05",2526592,"8,062,547,697.85",155790,38.82701136,1,125.83,443.84,19.75
216,9-Feb-21,EQ,"3,195.00","3,245.80","3,164.00","3,214.10","3,176.00","3,176.90","3,212.70","3,339.80","1,506.05",2658751,"8,541,775,943.25",171299,38.37762745,1,125.83,443.84,19.75
217,10-Feb-21,EQ,"3,185.00","3,219.40","3,157.30","3,176.90","3,215.50","3,213.30","3,197.06","3,339.80","1,506.05",2127983,"6,803,289,931.00",115813,38.81734719,1,125.83,443.84,19.75
218,11-Feb-21,EQ,"3,215.00","3,219.30","3,185.05","3,213.30","3,204.50","3,206.00","3,201.77","3,339.80","1,506.05",1165882,"3,732,884,248.70",53910,38.72916163,1,125.83,443.84,19.75
219,12-Feb-21,EQ,"3,184.20","3,245.50","3,182.00","3,206.00","3,188.25","3,190.80","3,214.96","3,339.80","1,506.05",2777404,"8,929,253,698.30",113414,38.5455424,1,125.83,443.84,19.75
220,15-Feb-21,EQ,"3,209.00","3,209.00","3,131.55","3,190.80","3,149.00","3,139.85","3,156.80","3,339.80","1,506.05",2630853,"8,305,069,201.35",143467,37.93005557,1,125.83,443.84,19.75
221,16-Feb-21,EQ,"3,150.00","3,167.65","3,100.00","3,139.85","3,113.00","3,108.80","3,122.98","3,339.80","1,506.05",3435770,"10,729,849,665.90",171006,37.55496497,1,125.83,443.84,19.75
222,17-Feb-21,EQ,"3,105.10","3,132.85","3,045.55","3,108.80","3,073.45","3,073.10","3,076.93","3,339.80","1,506.05",3678426,"11,318,262,125.10",204277,37.12370138,1,125.83,443.84,19.75
223,18-Feb-21,EQ,"3,065.00","3,097.90","3,031.00","3,073.10","3,055.00","3,057.35","3,057.94","3,339.80","1,506.05",4189909,"12,812,510,327.00",176370,36.93343803,1,125.83,443.84,19.75
224,19-Feb-21,EQ,"3,058.00","3,087.15","3,016.15","3,057.35","3,078.00","3,071.85","3,047.73","3,339.80","1,506.05",3725028,"11,352,887,527.85",130797,37.10860111,1,125.83,443.84,19.75
225,22-Feb-21,EQ,"3,096.00","3,096.00","2,943.15","3,071.85","2,955.50","2,958.45","2,999.26","3,339.80","1,506.05",5366696,"16,096,121,002.20",266786,35.738705,1,125.83,443.84,19.75
226,23-Feb-21,EQ,"2,970.00","3,028.00","2,968.00","2,958.45","2,985.10","2,980.20","2,996.35","3,339.80","1,506.05",3832829,"11,484,513,631.45",192941,36.00144963,1,125.83,443.84,19.75
227,24-Feb-21,EQ,"2,972.00","3,003.35","2,921.15","2,980.20","2,946.85","2,948.10","2,946.07","3,339.80","1,506.05",3774549,"11,120,081,886.95",132336,35.6136748,1,125.83,443.84,19.75
228,25-Feb-21,EQ,"2,974.00","3,029.90","2,968.45","2,948.10","2,985.05","2,995.30","3,000.62","3,339.80","1,506.05",4224073,"12,674,849,320.45",223397,36.18386084,1,125.83,443.84,19.75
229,26-Feb-21,EQ,"2,960.00","2,972.35","2,880.00","2,995.30","2,903.85","2,894.30","2,916.68","3,339.80","1,506.05",5553153,"16,196,777,082.55",348532,34.96375936,1,125.83,443.84,19.75
230,1-Mar-21,EQ,"2,926.00","2,965.00","2,901.80","2,894.30","2,935.50","2,924.20","2,929.39","3,339.80","1,506.05",3265871,"9,567,012,658.35",170820,35.32495772,1,125.83,443.84,19.75
231,2-Mar-21,EQ,"2,960.00","3,025.00","2,948.00","2,924.20","3,019.00","3,006.35","2,981.60","3,339.80","1,506.05",3306469,"9,858,560,232.35",186577,36.31734719,1,125.83,443.84,19.75
232,3-Mar-21,EQ,"3,035.00","3,064.00","2,996.90","3,006.35","3,058.00","3,059.10","3,036.11","3,339.80","1,506.05",3509857,"10,656,315,248.05",183148,36.9545784,1,125.83,443.84,19.75
233,4-Mar-21,EQ,"3,023.00","3,081.45","3,016.05","3,059.10","3,042.90","3,049.70","3,058.77","3,339.80","1,506.05",3916760,"11,980,483,432.05",174500,36.8410244,1,125.83,443.84,19.75
234,5-Mar-21,EQ,"3,016.10","3,063.20","2,996.60","3,049.70","3,025.00","3,008.05","3,033.92","3,339.80","1,506.05",3203686,"9,719,719,834.10",127882,36.33788355,1,125.83,443.84,19.75
235,8-Mar-21,EQ,"3,016.00","3,033.00","2,996.00","3,008.05","3,008.70","3,006.95","3,016.64","3,339.80","1,506.05",2003125,"6,042,702,431.75",113743,36.32459531,1,125.83,443.84,19.75
236,9-Mar-21,EQ,"3,006.95","3,066.90","2,992.10","3,006.95","3,060.50","3,050.95","3,023.94","3,339.80","1,506.05",1942397,"5,873,698,965.55",133488,36.85612467,1,125.83,443.84,19.75
237,10-Mar-21,EQ,"3,075.00","3,093.20","3,060.00","3,050.95","3,070.00","3,070.95","3,077.29","3,339.80","1,506.05",3053778,"9,397,359,901.30",164340,37.09772892,1,125.83,443.84,19.75
238,12-Mar-21,EQ,"3,075.00","3,117.00","3,041.35","3,070.95","3,053.10","3,057.95","3,084.20","3,339.80","1,506.05",2938317,"9,062,343,314.40",128801,36.94068616,1,125.83,443.84,19.75
239,15-Mar-21,EQ,"3,041.00","3,099.00","3,041.00","3,057.95","3,062.05","3,066.15","3,069.74","3,339.80","1,546.75",3097140,"9,507,410,762.30",138642,37.0397439,1,125.83,443.84,19.75
240,16-Mar-21,EQ,"3,060.00","3,141.00","3,060.00","3,066.15","3,106.00","3,110.05","3,114.11","3,339.80","1,546.75",4894756,"15,242,817,601.80",190871,37.57006523,1,125.83,443.84,19.75
241,17-Mar-21,EQ,"3,105.00","3,155.00","3,085.30","3,110.05","3,107.40","3,112.95","3,130.14","3,339.80","1,546.75",3838390,"12,014,711,142.05",183445,37.60509785,1,125.83,443.84,19.75
242,18-Mar-21,EQ,"3,125.95","3,146.45","2,987.05","3,112.95","3,042.00","3,036.50","3,083.67","3,339.80","1,546.75",3656306,"11,274,828,058.35",164183,36.6815656,1,125.83,443.84,19.75
243,19-Mar-21,EQ,"3,030.00","3,099.00","3,005.00","3,036.50","3,054.80","3,050.20","3,049.18","3,339.80","1,546.75",5776626,"17,613,985,029.65",153489,36.84706451,1,125.83,443.84,19.75
244,22-Mar-21,EQ,"3,048.70","3,139.45","3,018.65","3,050.20","3,128.00","3,129.65","3,086.03","3,339.80","1,617.75",2821646,"8,707,678,923.10",137406,37.8068374,1,125.83,443.84,19.75
245,23-Mar-21,EQ,"3,140.00","3,169.00","3,122.85","3,129.65","3,142.00","3,142.60","3,148.33","3,339.80","1,617.75",3305973,"10,408,299,726.90",167131,37.96327615,1,125.83,443.84,19.75
246,24-Mar-21,EQ,"3,111.20","3,152.30","3,111.15","3,142.60","3,123.60","3,121.10","3,130.63","3,339.80","1,617.75",2207104,"6,909,631,859.00",110682,37.70355158,1,125.83,443.84,19.75
247,25-Mar-21,EQ,"3,112.20","3,130.85","3,050.00","3,121.10","3,074.50","3,064.85","3,091.11","3,339.80","1,617.75",3179786,"9,829,064,107.90",153808,37.02403962,1,125.83,443.84,19.75
248,26-Mar-21,EQ,"3,090.65","3,118.00","3,043.05","3,064.85","3,062.00","3,066.80","3,078.97","3,339.80","1,617.75",3697370,"11,384,084,592.30",201134,37.04759604,1,125.83,443.84,19.75
249,30-Mar-21,EQ,"3,083.00","3,188.45","3,060.90","3,066.80","3,172.00","3,158.55","3,139.65","3,339.80","1,650.00",4694261,"14,738,334,444.25",191356,38.15595554,1,125.83,443.84,19.75
250,31-Mar-21,EQ,"3,155.00","3,205.00","3,132.00","3,158.55","3,175.30","3,177.85","3,177.88","3,339.80","1,650.00",3530069,"11,218,135,153.05",156653,38.38910365,1,125.83,443.84,19.75
