SNo,Date ,series ,OPEN ,HIGH ,LOW ,PREV. CLOSE ,ltp ,Close,vwap ,52W H ,52W L ,VOLUME ,VALUE ,No of trades ,PE Ratio,Face Value,OPS,NOPS,NPMP
1,31-Mar-20,EQ,"2,234.80","2,313.00","2,185.00","2,184.35","2,298.50","2,298.50","2,260.32","2,313.00","1,650.00",2809285,"6,349,879,035.90",125401,73.83552843,1,45.55,183.77,16.96
2,1-Apr-20,EQ,"2,293.20","2,324.90","2,158.05","2,298.50","2,179.00","2,179.65","2,219.18","2,324.90","1,650.00",2774689,"6,157,534,508.45",174853,70.01766784,1,45.55,183.77,16.96
3,3-Apr-20,EQ,"2,234.00","2,254.10","2,127.95","2,179.65","2,153.00","2,154.10","2,183.12","2,324.90","1,650.00",4121462,"8,997,633,126.15",217202,69.19691616,1,45.55,183.77,16.96
4,7-Apr-20,EQ,"2,220.00","2,460.00","2,220.00","2,154.10","2,449.00","2,444.90","2,361.65","2,460.00","1,656.00",8510183,"20,098,061,022.85",356119,78.53838741,1,45.55,183.77,16.96
5,8-Apr-20,EQ,"2,432.00","2,614.30","2,417.40","2,444.90","2,455.00","2,460.85","2,520.36","2,614.30","1,656.00",9791892,"24,679,065,797.20",415294,79.0507549,1,45.55,183.77,16.96
6,9-Apr-20,EQ,"2,499.95","2,500.00","2,345.00","2,460.85","2,378.65","2,372.25","2,386.62","2,614.30","1,656.00",4770083,"11,384,386,831.30",282099,76.20462576,1,45.55,183.77,16.96
7,13-Apr-20,EQ,"2,381.00","2,423.00","2,315.00","2,372.25","2,350.50","2,346.45","2,352.69","2,614.30","1,656.00",3249562,"7,645,203,672.85",190144,75.37584324,1,45.55,183.77,16.96
8,15-Apr-20,EQ,"2,425.95","2,516.60","2,381.50","2,346.45","2,473.00","2,487.55","2,477.16","2,614.30","1,656.00",29485532,"73,040,325,455.05",484212,79.90844844,1,45.55,183.77,16.96
9,16-Apr-20,EQ,"2,466.00","2,526.15","2,421.10","2,487.55","2,443.00","2,436.10","2,462.60","2,614.30","1,656.00",5388258,"13,269,113,039.85",296531,78.2557019,1,45.55,183.77,16.96
10,17-Apr-20,EQ,"2,498.80","2,498.80","2,354.05","2,436.10","2,387.00","2,385.00","2,395.27","2,614.30","1,656.00",4540967,"10,876,855,176.60",266225,76.61419852,1,45.55,183.77,16.96
11,20-Apr-20,EQ,"2,420.00","2,420.00","2,321.00","2,385.00","2,344.00","2,336.55","2,346.54","2,614.30","1,656.00",2985278,"7,005,059,781.75",165896,75.05782204,1,45.55,183.77,16.96
12,21-Apr-20,EQ,"2,283.00","2,378.00","2,282.00","2,336.55","2,310.05","2,317.40","2,336.57","2,614.30","1,656.00",3227339,"7,540,909,685.15",153513,74.44265981,1,45.55,183.77,16.96
13,22-Apr-20,EQ,"2,317.95","2,399.95","2,275.65","2,317.40","2,390.00","2,386.15","2,344.36","2,614.30","1,656.00",2837835,"6,652,905,717.80",160575,76.65114038,1,45.55,183.77,16.96
14,23-Apr-20,EQ,"2,389.00","2,413.00","2,308.05","2,386.15","2,321.00","2,317.50","2,351.23","2,614.30","1,656.00",4095595,"9,629,682,937.05",192550,74.44587215,1,45.55,183.77,16.96
15,24-Apr-20,EQ,"2,311.00","2,338.00","2,280.00","2,317.50","2,285.00","2,283.10","2,298.16","2,614.30","1,656.00",2169013,"4,984,728,420.90",100504,73.34082878,1,45.55,183.77,16.96
16,27-Apr-20,EQ,"2,305.00","2,329.40","2,283.25","2,283.10","2,321.35","2,320.45","2,310.29","2,614.30","1,656.00",2013737,"4,652,308,907.20",108209,74.54063604,1,45.55,183.77,16.96
17,28-Apr-20,EQ,"2,338.65","2,338.65","2,267.00","2,320.45","2,292.50","2,289.95","2,289.44","2,614.30","1,656.00",2164048,"4,954,458,136.65",126130,73.56087376,1,45.55,183.77,16.96
18,29-Apr-20,EQ,"2,290.00","2,291.70","2,221.00","2,289.95","2,234.00","2,231.75","2,250.39","2,614.30","1,656.00",3642216,"8,196,416,318.50",195321,71.69129457,1,45.55,183.77,16.96
19,30-Apr-20,EQ,"2,272.00","2,272.00","2,160.00","2,231.75","2,205.00","2,195.00","2,196.22","2,614.30","1,656.00",8448104,"18,553,889,548.05",380311,70.51076132,1,45.55,183.77,16.96
20,4-May-20,EQ,"2,130.00","2,160.00","2,066.00","2,195.00","2,087.05","2,082.65","2,107.14","2,614.30","1,656.00",8474699,"17,857,391,158.80",331282,66.90170254,1,45.55,183.77,16.96
21,5-May-20,EQ,"2,101.20","2,121.00","2,033.10","2,082.65","2,039.00","2,041.50","2,066.52","2,614.30","1,656.00",4304146,"8,894,603,581.95",181077,65.57982653,1,45.55,183.77,16.96
22,6-May-20,EQ,"2,049.95","2,073.00","2,000.00","2,041.50","2,001.80","2,010.20","2,035.27","2,614.30","1,656.00",5127756,"10,436,392,839.05",202349,64.57436556,1,45.55,183.77,16.96
23,7-May-20,EQ,"1,950.10","2,007.00","1,902.00","2,010.20","1,998.00","1,992.05","1,919.71","2,614.30","1,656.00",185670048,"356,433,416,767.65",946784,63.99132669,1,45.55,183.77,16.96
24,8-May-20,EQ,"2,074.95","2,098.00","2,036.00","1,992.05","2,077.85","2,089.45","2,062.40","2,614.30","1,656.00",16100488,"33,205,666,182.30",484036,67.12014134,1,45.55,183.77,16.96
25,11-May-20,EQ,"2,083.00","2,116.55","2,035.95","2,089.45","2,044.70","2,048.00","2,069.09","2,614.30","1,659.05",11158836,"23,088,625,316.15",288406,65.78862833,1,45.55,183.77,16.96
26,12-May-20,EQ,"2,020.00","2,027.85","1,985.00","2,048.00","2,013.00","2,011.55","2,002.83","2,614.30","1,659.05",14881259,"29,804,577,535.10",466557,64.61773209,1,45.55,183.77,16.96
27,13-May-20,EQ,"2,075.00","2,075.00","1,975.40","2,011.55","2,008.65","1,995.75","2,012.28","2,614.30","1,659.05",8432991,"16,969,568,017.55",361624,64.1101831,1,45.55,183.77,16.96
28,14-May-20,EQ,"1,988.00","2,026.55","1,980.65","1,995.75","2,003.00","2,006.05","2,007.14","2,614.30","1,659.05",8510097,"17,080,978,390.65",268615,64.44105365,1,45.55,183.77,16.96
29,15-May-20,EQ,"2,015.00","2,037.65","2,006.00","2,006.05","2,034.95","2,032.10","2,021.73","2,614.30","1,659.05",5491176,"11,101,684,289.35",243593,65.27786701,1,45.55,183.77,16.96
30,18-May-20,EQ,"2,041.50","2,047.85","1,988.60","2,032.10","2,004.70","2,005.25","2,007.96","2,614.30","1,659.05",7675796,"15,412,686,469.90",265255,64.41535496,1,45.55,183.77,16.96
31,19-May-20,EQ,"2,018.00","2,024.80","1,968.10","2,005.25","1,976.90","1,975.55","1,988.52","2,614.30","1,659.05",5963269,"11,858,094,494.80",233042,63.46129136,1,45.55,183.77,16.96
32,20-May-20,EQ,"1,975.55","2,010.00","1,975.00","1,975.55","1,988.00","1,990.85","1,993.53","2,614.30","1,659.05",3927076,"7,828,736,279.65",154130,63.95277867,1,45.55,183.77,16.96
33,21-May-20,EQ,"1,999.00","2,003.40","1,955.20","1,990.85","1,970.70","1,970.90","1,978.75","2,614.30","1,659.05",4261738,"8,432,920,478.20",211274,63.31191776,1,45.55,183.77,16.96
34,22-May-20,EQ,"1,975.00","1,995.05","1,958.00","1,970.90","1,990.50","1,987.90","1,979.43","2,614.30","1,659.05",5340153,"10,570,432,887.15",201026,63.85801478,1,45.55,183.77,16.96
35,26-May-20,EQ,"2,004.95","2,020.00","1,975.00","1,987.90","1,979.50","1,977.80","1,999.26","2,614.30","1,659.05",4629114,"9,254,803,851.90",296939,63.5335689,1,45.55,183.77,16.96
36,27-May-20,EQ,"1,990.00","2,005.10","1,961.00","1,977.80","1,995.00","1,998.10","1,983.91","2,614.30","1,659.05",4261646,"8,454,725,111.85",211409,64.18567298,1,45.55,183.77,16.96
37,28-May-20,EQ,"2,000.00","2,015.00","1,990.00","1,998.10","2,004.25","2,009.95","2,005.19","2,614.30","1,659.05",5500915,"11,030,363,203.35",166186,64.56633473,1,45.55,183.77,16.96
38,29-May-20,EQ,"2,009.00","2,068.00","2,000.00","2,009.95","2,057.10","2,057.35","2,034.28","2,614.30","1,659.05",8779010,"17,858,932,220.15",238620,66.08898169,1,45.55,183.77,16.96
39,1-Jun-20,EQ,"2,075.00","2,143.00","2,071.20","2,057.35","2,108.60","2,108.55","2,111.99","2,614.30","1,659.05",6592707,"13,923,749,297.55",213628,67.7336974,1,45.55,183.77,16.96
40,2-Jun-20,EQ,"2,122.00","2,125.00","2,090.00","2,108.55","2,096.50","2,107.40","2,112.12","2,614.30","1,659.05",3268736,"6,903,962,233.95",153054,67.69675554,1,45.55,183.77,16.96
41,3-Jun-20,EQ,"2,115.00","2,149.00","2,085.00","2,107.40","2,123.00","2,120.50","2,116.68","2,614.30","1,659.05",4895141,"10,361,451,237.70",199497,68.11757147,1,45.55,183.77,16.96
42,4-Jun-20,EQ,"2,115.00","2,132.40","2,105.25","2,120.50","2,118.00","2,120.60","2,118.74","2,614.30","1,659.05",3264780,"6,917,212,086.40",149826,68.12078381,1,45.55,183.77,16.96
43,5-Jun-20,EQ,"2,124.00","2,128.00","2,085.00","2,120.60","2,087.05","2,087.60","2,095.92","2,614.30","1,659.05",2981896,"6,249,808,352.55",127882,67.06071314,1,45.55,183.77,16.96
44,8-Jun-20,EQ,"2,107.00","2,124.50","2,078.10","2,087.60","2,110.30","2,111.70","2,102.69","2,614.30","1,659.05",4298517,"9,038,459,134.45",226705,67.83488596,1,45.55,183.77,16.96
45,9-Jun-20,EQ,"2,100.00","2,144.80","2,095.05","2,111.70","2,102.00","2,106.50","2,124.08","2,614.30","1,659.05",3128155,"6,644,467,037.70",152965,67.66784452,1,45.55,183.77,16.96
46,10-Jun-20,EQ,"2,115.90","2,130.00","2,096.00","2,106.50","2,119.00","2,119.60","2,118.72","2,614.30","1,659.05",2421672,"5,130,844,702.80",128957,68.08866046,1,45.55,183.77,16.96
47,11-Jun-20,EQ,"2,115.00","2,138.20","2,095.65","2,119.60","2,107.90","2,106.90","2,118.00","2,614.30","1,659.05",2566963,"5,436,825,499.60",121007,67.68069386,1,45.55,183.77,16.96
48,12-Jun-20,EQ,"2,065.25","2,119.00","2,065.00","2,106.90","2,106.00","2,107.25","2,101.21","2,614.30","1,659.05",2338562,"4,913,816,130.80",113191,67.69193704,1,45.55,183.77,16.96
49,15-Jun-20,EQ,"2,114.85","2,131.70","2,056.80","2,107.25","2,079.50","2,084.30","2,092.56","2,614.30","1,659.05",2830788,"5,923,588,875.65",110390,66.95470607,1,45.55,183.77,16.96
50,16-Jun-20,EQ,"2,109.80","2,120.00","2,057.00","2,084.30","2,076.00","2,076.35","2,089.49","2,614.30","1,659.05",2806804,"5,864,800,682.00",107765,66.69932541,1,45.55,183.77,16.96
51,17-Jun-20,EQ,"2,076.00","2,099.00","2,062.30","2,076.35","2,079.00","2,078.25","2,082.87","2,614.30","1,659.05",2293343,"4,776,734,431.55",94264,66.76035978,1,45.55,183.77,16.96
52,18-Jun-20,EQ,"2,070.25","2,084.85","2,054.05","2,078.25","2,067.00","2,065.35","2,067.71","2,614.30","1,659.05",2326992,"4,811,549,620.00",99757,66.34596852,1,45.55,183.77,16.96
53,19-Jun-20,EQ,"2,079.00","2,100.00","2,057.00","2,065.35","2,093.50","2,092.75","2,080.59","2,614.30","1,659.05",4673557,"9,723,770,246.95",138770,67.22614841,1,45.55,183.77,16.96
54,22-Jun-20,EQ,"2,110.00","2,118.90","2,087.00","2,092.75","2,100.05","2,100.80","2,101.72","2,614.30","1,659.05",2487252,"5,227,506,643.30",108728,67.48474141,1,45.55,183.77,16.96
55,23-Jun-20,EQ,"2,115.00","2,172.00","2,101.60","2,100.80","2,157.55","2,155.95","2,150.63","2,614.30","1,659.05",4309193,"9,267,494,480.70",174720,69.25634436,1,45.55,183.77,16.96
56,24-Jun-20,EQ,"2,172.00","2,176.90","2,125.00","2,155.95","2,133.00","2,130.30","2,147.43","2,614.30","1,659.05",3023031,"6,491,752,829.05",152939,68.43238034,1,45.55,183.77,16.96
57,25-Jun-20,EQ,"2,114.30","2,189.90","2,112.00","2,130.30","2,157.20","2,173.15","2,164.58","2,614.30","1,659.05",8208083,"17,767,068,916.20",176752,69.80886605,1,45.55,183.77,16.96
58,26-Jun-20,EQ,"2,179.95","2,179.95","2,138.10","2,173.15","2,151.35","2,154.20","2,154.27","2,614.30","1,659.05",3176495,"6,843,040,249.25",126115,69.20012849,1,45.55,183.77,16.96
59,29-Jun-20,EQ,"2,151.35","2,195.90","2,140.00","2,154.20","2,180.50","2,182.95","2,180.76","2,614.30","1,659.05",3295050,"7,185,698,583.30",137344,70.12367491,1,45.55,183.77,16.96
60,30-Jun-20,EQ,"2,193.80","2,199.95","2,170.00","2,182.95","2,177.00","2,180.00","2,181.78","2,614.30","1,659.05",2373121,"5,177,632,179.70",110362,70.02891102,1,45.55,183.77,16.96
61,1-Jul-20,EQ,"2,183.00","2,191.80","2,160.10","2,180.00","2,168.15","2,170.40","2,171.35","2,614.30","1,659.05",1532935,"3,328,538,955.50",77798,69.72052682,1,45.55,183.77,16.96
62,2-Jul-20,EQ,"2,167.75","2,177.65","2,145.00","2,170.40","2,157.00","2,151.75","2,154.35","2,614.30","1,659.05",2588845,"5,577,272,658.85",111689,69.12142628,1,45.55,183.77,16.96
63,3-Jul-20,EQ,"2,165.50","2,188.00","2,156.35","2,151.75","2,172.30","2,173.70","2,172.74","2,614.30","1,659.05",1946326,"4,228,865,039.15",84127,69.82653389,1,45.55,183.77,16.96
64,6-Jul-20,EQ,"2,180.00","2,180.00","2,153.00","2,173.70","2,162.00","2,161.60","2,161.27","2,614.30","1,659.05",2375701,"5,134,520,628.30",106168,69.43784131,1,45.55,183.77,16.96
65,7-Jul-20,EQ,"2,175.50","2,175.50","2,151.65","2,161.60","2,153.95","2,154.15","2,158.47","2,614.30","1,659.05",2014697,"4,348,666,864.20",101569,69.19852233,1,45.55,183.77,16.96
66,8-Jul-20,EQ,"2,153.60","2,194.00","2,125.00","2,154.15","2,182.00","2,186.05","2,170.33","2,614.30","1,659.05",3350115,"7,270,846,471.05",137320,70.22325731,1,45.55,183.77,16.96
67,9-Jul-20,EQ,"2,183.00","2,219.95","2,171.05","2,186.05","2,180.00","2,175.85","2,191.62","2,614.30","1,659.05",3039821,"6,662,121,971.35",141677,69.8955991,1,45.55,183.77,16.96
68,10-Jul-20,EQ,"2,170.00","2,232.00","2,167.45","2,175.85","2,230.10","2,223.80","2,206.50","2,614.30","1,659.05",3179517,"7,015,597,810.80",134655,71.43591391,1,45.55,183.77,16.96
69,13-Jul-20,EQ,"2,239.00","2,275.00","2,235.00","2,223.80","2,263.00","2,265.25","2,259.61","2,614.30","1,659.05",4556688,"10,296,338,551.00",158470,72.76742692,1,45.55,183.77,16.96
70,14-Jul-20,EQ,"2,264.80","2,269.95","2,226.60","2,265.25","2,227.35","2,234.75","2,246.57","2,614.30","1,659.05",2403257,"5,399,091,641.15",128919,71.78766463,1,45.55,183.77,16.96
71,15-Jul-20,EQ,"2,237.25","2,291.00","2,235.05","2,234.75","2,272.15","2,275.15","2,268.55","2,614.30","1,659.05",2474553,"5,613,648,679.30",97827,73.08544812,1,45.55,183.77,16.96
72,16-Jul-20,EQ,"2,275.25","2,291.30","2,238.00","2,275.15","2,281.95","2,287.85","2,272.17","2,614.30","1,659.05",2495150,"5,669,398,299.35",92681,73.49341471,1,45.55,183.77,16.96
73,17-Jul-20,EQ,"2,285.00","2,340.00","2,281.00","2,287.85","2,332.35","2,334.55","2,323.34","2,614.30","1,659.05",3088773,"7,176,264,588.00",158916,74.99357533,1,45.55,183.77,16.96
74,20-Jul-20,EQ,"2,334.55","2,343.30","2,300.60","2,334.55","2,330.00","2,330.95","2,323.21","2,614.30","1,659.05",2816285,"6,542,822,417.45",128458,74.87793126,1,45.55,183.77,16.96
75,21-Jul-20,EQ,"2,348.00","2,350.00","2,308.00","2,330.95","2,316.65","2,318.00","2,323.93","2,614.30","1,659.05",3037830,"7,059,705,689.30",120286,74.46193383,1,45.55,183.77,16.96
76,22-Jul-20,EQ,"2,330.00","2,330.00","2,241.25","2,318.00","2,247.00","2,248.50","2,265.67","2,614.30","1,659.05",6950011,"15,746,434,112.75",300035,72.22936075,1,45.55,183.77,16.96
77,23-Jul-20,EQ,"2,260.00","2,267.15","2,205.55","2,248.50","2,216.40","2,211.35","2,232.11","2,614.30","1,659.05",3936886,"8,787,544,292.75",171067,71.03597816,1,45.55,183.77,16.96
78,24-Jul-20,EQ,"2,200.00","2,220.00","2,168.05","2,211.35","2,209.00","2,209.30","2,192.34","2,614.30","1,659.05",4203390,"9,215,253,270.65",143884,70.97012528,1,45.55,183.77,16.96
79,27-Jul-20,EQ,"2,217.75","2,235.95","2,184.75","2,209.30","2,221.50","2,221.50","2,217.25","2,614.30","1,700.00",2209431,"4,898,869,145.15",97258,71.3620302,1,45.55,183.77,16.96
80,28-Jul-20,EQ,"2,230.95","2,244.90","2,211.05","2,221.50","2,243.50","2,242.55","2,233.78","2,614.30","1,700.00",1567889,"3,502,315,373.15",66747,72.03822679,1,45.55,183.77,16.96
81,29-Jul-20,EQ,"2,235.00","2,262.20","2,215.00","2,242.55","2,234.00","2,231.30","2,239.80","2,614.30","1,700.00",2404989,"5,386,685,442.65",99243,71.67683906,1,45.55,183.77,16.96
82,30-Jul-20,EQ,"2,231.30","2,238.05","2,190.10","2,231.30","2,194.00","2,195.60","2,214.19","2,614.30","1,700.00",2046188,"4,530,658,177.40",106202,70.53003534,1,45.55,183.77,16.96
83,31-Jul-20,EQ,"2,197.50","2,221.95","2,178.00","2,195.60","2,210.00","2,209.90","2,207.56","2,614.30","1,700.00",1715834,"3,787,813,006.35",59984,70.98939929,1,45.55,183.77,16.96
84,3-Aug-20,EQ,"2,209.80","2,223.05","2,188.55","2,209.90","2,204.50","2,204.50","2,206.87","2,614.30","1,707.70",1683798,"3,715,927,711.40",71787,70.81593318,1,45.55,183.77,16.96
85,4-Aug-20,EQ,"2,209.90","2,218.90","2,175.10","2,204.50","2,194.00","2,197.80","2,198.83","2,614.30","1,707.70",1981721,"4,357,467,200.90",107819,70.60070671,1,45.55,183.77,16.96
86,5-Aug-20,EQ,"2,202.00","2,209.90","2,181.05","2,197.80","2,199.50","2,194.55","2,193.71","2,614.30","1,707.70",1715481,"3,763,269,809.90",83530,70.49630581,1,45.55,183.77,16.96
87,6-Aug-20,EQ,"2,200.00","2,229.00","2,192.05","2,194.55","2,216.30","2,220.45","2,216.40","2,614.30","1,707.70",1824540,"4,043,910,044.35",103094,71.32830067,1,45.55,183.77,16.96
88,7-Aug-20,EQ,"2,223.00","2,234.80","2,205.00","2,220.45","2,208.80","2,210.55","2,221.76","2,614.30","1,707.70",1778051,"3,950,410,896.80",76506,71.01027947,1,45.55,183.77,16.96
89,10-Aug-20,EQ,"2,218.00","2,226.75","2,198.80","2,210.55","2,205.00","2,206.75","2,210.77","2,614.30","1,757.30",1476389,"3,263,954,492.55",67996,70.88821073,1,45.55,183.77,16.96
90,11-Aug-20,EQ,"2,209.05","2,233.00","2,206.00","2,206.75","2,212.75","2,210.65","2,218.18","2,614.30","1,757.30",1665204,"3,693,719,823.90",67354,71.01349181,1,45.55,183.77,16.96
91,12-Aug-20,EQ,"2,200.05","2,209.05","2,190.00","2,210.65","2,193.20","2,195.10","2,196.84","2,614.30","1,757.30",1170455,"2,571,302,253.00",68478,70.51397366,1,45.55,183.77,16.96
92,13-Aug-20,EQ,"2,200.00","2,217.00","2,190.95","2,195.10","2,199.45","2,198.65","2,199.54","2,614.30","1,757.30",1453429,"3,196,881,075.10",66643,70.62801156,1,45.55,183.77,16.96
93,14-Aug-20,EQ,"2,204.00","2,216.00","2,165.05","2,198.65","2,178.15","2,173.90","2,193.71","2,614.30","1,757.30",1341691,"2,943,280,016.70",70158,69.83295856,1,45.55,183.77,16.96
94,17-Aug-20,EQ,"2,181.00","2,203.65","2,168.40","2,173.90","2,201.50","2,196.05","2,185.61","2,614.30","1,757.30",1559579,"3,408,638,240.60",55914,70.54449084,1,45.55,183.77,16.96
95,18-Aug-20,EQ,"2,204.00","2,216.80","2,189.00","2,196.05","2,215.00","2,214.35","2,205.76","2,614.30","1,757.30",1339002,"2,953,510,616.95",58829,71.13234822,1,45.55,183.77,16.96
96,19-Aug-20,EQ,"2,206.00","2,221.50","2,190.00","2,214.35","2,196.00","2,193.60","2,203.99","2,614.30","1,757.30",1585132,"3,493,617,814.00",74502,70.46578863,1,45.55,183.77,16.96
97,20-Aug-20,EQ,"2,186.00","2,197.80","2,176.15","2,193.60","2,184.80","2,185.70","2,188.20","2,614.30","1,757.30",1768939,"3,870,786,400.70",84041,70.21201413,1,45.55,183.77,16.96
98,21-Aug-20,EQ,"2,199.00","2,208.70","2,187.45","2,185.70","2,204.75","2,202.05","2,200.31","2,614.30","1,757.30",1374412,"3,024,136,604.60",52443,70.73723097,1,45.55,183.77,16.96
99,24-Aug-20,EQ,"2,206.00","2,211.65","2,191.20","2,202.05","2,195.90","2,194.40","2,196.60","2,614.30","1,757.30",1665474,"3,658,388,161.25",72008,70.49148731,1,45.55,183.77,16.96
100,25-Aug-20,EQ,"2,194.40","2,197.90","2,175.00","2,194.40","2,182.00","2,179.10","2,182.46","2,614.30","1,757.30",1774886,"3,873,617,334.00",69888,70,1,45.55,183.77,16.96
101,26-Aug-20,EQ,"2,182.10","2,186.00","2,160.00","2,179.10","2,185.00","2,182.80","2,174.21","2,614.30","1,757.30",2148246,"4,670,728,609.55",71305,70.11885641,1,45.55,183.77,16.96
102,27-Aug-20,EQ,"2,182.10","2,188.00","2,165.00","2,182.80","2,176.00","2,171.25","2,172.45","2,614.30","1,757.30",2172278,"4,719,164,441.00",76992,69.74783167,1,45.55,183.77,16.96
103,28-Aug-20,EQ,"2,179.00","2,182.40","2,145.00","2,171.25","2,148.00","2,151.95","2,162.74","2,614.30","1,757.30",1939848,"4,195,387,183.60",107096,69.12785095,1,45.55,183.77,16.96
104,31-Aug-20,EQ,"2,152.00","2,167.50","2,100.65","2,151.95","2,110.00","2,117.35","2,134.94","2,614.30","1,757.30",3534525,"7,546,000,906.30",165575,68.01638291,1,45.55,183.77,16.96
105,1-Sep-20,EQ,"2,149.95","2,174.90","2,111.75","2,117.35","2,170.00","2,161.65","2,140.56","2,614.30","1,757.30",1738013,"3,720,322,278.05",70039,69.43944748,1,45.55,183.77,16.96
106,2-Sep-20,EQ,"2,171.00","2,185.00","2,136.55","2,161.65","2,146.00","2,141.65","2,155.12","2,614.30","1,757.30",1667810,"3,594,325,392.30",84280,68.7969804,1,45.55,183.77,16.96
107,3-Sep-20,EQ,"2,153.00","2,154.45","2,128.05","2,141.65","2,143.05","2,139.15","2,139.42","2,614.30","1,757.30",1590711,"3,403,197,308.50",88296,68.71667202,1,45.55,183.77,16.96
108,4-Sep-20,EQ,"2,115.00","2,140.90","2,114.00","2,139.15","2,131.00","2,124.65","2,126.89","2,614.30","1,757.30",1590491,"3,382,804,549.70",71511,68.25088339,1,45.55,183.77,16.96
109,7-Sep-20,EQ,"2,126.00","2,174.00","2,103.75","2,124.65","2,165.05","2,162.60","2,154.75","2,614.30","1,757.30",2363028,"5,091,728,508.50",100531,69.46996466,1,45.55,183.77,16.96
110,8-Sep-20,EQ,"2,154.00","2,171.35","2,131.15","2,162.60","2,135.00","2,142.25","2,157.46","2,614.30","1,757.30",1804240,"3,892,571,739.95",94155,68.81625442,1,45.55,183.77,16.96
111,9-Sep-20,EQ,"2,122.00","2,144.20","2,110.00","2,142.25","2,131.50","2,132.25","2,131.93","2,614.30","1,757.30",2009945,"4,285,057,654.45",107561,68.49502088,1,45.55,183.77,16.96
112,10-Sep-20,EQ,"2,142.00","2,143.60","2,118.20","2,132.25","2,134.70","2,133.90","2,128.22","2,614.30","1,757.30",2137794,"4,549,690,396.90",72808,68.54802441,1,45.55,183.77,16.96
113,11-Sep-20,EQ,"2,125.00","2,169.00","2,124.50","2,133.90","2,159.00","2,159.25","2,152.90","2,614.30","1,757.30",1934716,"4,165,248,416.55",78410,69.36235143,1,45.55,183.77,16.96
114,14-Sep-20,EQ,"2,167.00","2,169.70","2,115.00","2,159.25","2,121.00","2,123.50","2,132.70","2,614.30","1,757.30",2096976,"4,472,216,500.45",122163,68.21394154,1,45.55,183.77,16.96
115,15-Sep-20,EQ,"2,136.90","2,137.00","2,109.00","2,123.50","2,125.00","2,124.45","2,124.52","2,614.30","1,757.30",1224059,"2,600,533,012.95",58186,68.24445872,1,45.55,183.77,16.96
116,16-Sep-20,EQ,"2,125.00","2,158.95","2,112.70","2,124.45","2,140.00","2,143.50","2,135.22","2,614.30","1,757.30",2087842,"4,457,996,240.35",109780,68.85640861,1,45.55,183.77,16.96
117,17-Sep-20,EQ,"2,135.00","2,145.05","2,122.25","2,143.50","2,128.00","2,128.20","2,130.18","2,614.30","1,757.30",1741644,"3,710,020,106.25",70467,68.3649213,1,45.55,183.77,16.96
118,18-Sep-20,EQ,"2,120.00","2,127.55","2,090.00","2,128.20","2,099.00","2,098.70","2,099.77","2,614.30","1,757.30",4475209,"9,396,931,818.70",209451,67.41728236,1,45.55,183.77,16.96
119,21-Sep-20,EQ,"2,098.70","2,099.00","2,022.10","2,098.70","2,035.00","2,037.80","2,049.98","2,614.30","1,757.30",3483981,"7,142,082,988.80",191664,65.46097013,1,45.55,183.77,16.96
120,22-Sep-20,EQ,"2,040.55","2,054.75","2,000.05","2,037.80","2,026.75","2,026.80","2,017.08","2,614.30","1,757.30",2345712,"4,731,483,007.70",148164,65.10761323,1,45.55,183.77,16.96
121,23-Sep-20,EQ,"2,035.00","2,060.00","2,025.85","2,026.80","2,052.50","2,052.55","2,045.14","2,614.30","1,757.30",2410305,"4,929,423,121.45",178103,65.93478959,1,45.55,183.77,16.96
122,24-Sep-20,EQ,"2,044.00","2,081.00","2,035.05","2,052.55","2,057.60","2,060.90","2,060.63","2,614.30","1,757.30",3798394,"7,827,096,922.10",150917,66.2030196,1,45.55,183.77,16.96
123,25-Sep-20,EQ,"2,082.00","2,111.00","2,070.85","2,060.90","2,072.00","2,079.05","2,092.81","2,614.30","1,757.30",2528928,"5,292,566,474.95",115091,66.78605846,1,45.55,183.77,16.96
124,28-Sep-20,EQ,"2,083.00","2,092.35","2,060.00","2,079.05","2,068.00","2,063.30","2,071.53","2,614.30","1,757.30",1524037,"3,157,084,684.95",92455,66.28011564,1,45.55,183.77,16.96
125,29-Sep-20,EQ,"2,065.00","2,069.25","2,024.75","2,063.30","2,032.00","2,033.20","2,047.82","2,614.30","1,757.30",2298854,"4,707,633,761.05",85799,65.3132027,1,45.55,183.77,16.96
126,30-Sep-20,EQ,"2,038.95","2,097.00","2,034.00","2,033.20","2,065.00","2,068.25","2,072.91","2,614.30","1,757.30",2417400,"5,011,052,209.55",96219,66.43912624,1,45.55,183.77,16.96
127,1-Oct-20,EQ,"2,090.00","2,108.90","2,070.00","2,068.25","2,094.00","2,095.00","2,092.00","2,614.30","1,757.30",2131593,"4,459,296,997.15",69043,67.29842596,1,45.55,183.77,16.96
128,5-Oct-20,EQ,"2,100.00","2,123.30","2,082.20","2,095.00","2,113.00","2,111.05","2,105.65","2,614.30","1,757.30",1646114,"3,466,148,109.80",83919,67.81400578,1,45.55,183.77,16.96
129,6-Oct-20,EQ,"2,119.00","2,140.00","2,108.05","2,111.05","2,125.00","2,115.90","2,123.56","2,614.30","1,757.30",1679500,"3,566,513,845.65",80302,67.96980405,1,45.55,183.77,16.96
130,7-Oct-20,EQ,"2,123.00","2,150.00","2,113.00","2,115.90","2,141.70","2,139.35","2,137.47","2,614.30","1,757.30",2428598,"5,191,058,257.25",102634,68.72309669,1,45.55,183.77,16.96
131,8-Oct-20,EQ,"2,147.00","2,165.00","2,146.25","2,139.35","2,160.10","2,160.80","2,157.25","2,614.30","1,757.30",1617382,"3,489,090,628.65",64436,69.41214263,1,45.55,183.77,16.96
132,9-Oct-20,EQ,"2,150.00","2,166.95","2,121.10","2,160.80","2,143.10","2,139.65","2,137.39","2,614.30","1,757.30",2001031,"4,276,983,168.15",67059,68.7327337,1,45.55,183.77,16.96
133,12-Oct-20,EQ,"2,145.20","2,147.60","2,123.30","2,139.65","2,140.30","2,138.40","2,135.33","2,614.30","1,757.30",1741171,"3,717,978,806.25",99238,68.69257951,1,45.55,183.77,16.96
134,13-Oct-20,EQ,"2,137.95","2,153.25","2,128.00","2,138.40","2,135.00","2,138.20","2,139.82","2,614.30","1,757.30",1679176,"3,593,136,034.80",66648,68.68615483,1,45.55,183.77,16.96
135,14-Oct-20,EQ,"2,132.60","2,165.00","2,131.00","2,138.20","2,160.00","2,158.15","2,149.74","2,614.30","1,757.30",2123033,"4,563,975,842.50",91381,69.32701574,1,45.55,183.77,16.96
136,15-Oct-20,EQ,"2,160.00","2,179.70","2,141.05","2,158.15","2,145.00","2,152.55","2,164.09","2,614.30","1,757.30",2344440,"5,073,587,658.10",90648,69.14712496,1,45.55,183.77,16.96
137,16-Oct-20,EQ,"2,171.90","2,171.90","2,144.05","2,152.55","2,151.00","2,150.55","2,157.17","2,614.30","1,757.30",1640402,"3,538,618,588.60",87935,69.08287825,1,45.55,183.77,16.96
138,19-Oct-20,EQ,"2,153.55","2,185.00","2,152.10","2,150.55","2,184.50","2,177.80","2,172.07","2,614.30","1,757.30",1606069,"3,488,495,964.05",67397,69.95823964,1,45.55,183.77,16.96
139,20-Oct-20,EQ,"2,182.10","2,208.50","2,132.55","2,177.80","2,174.20","2,173.10","2,177.02","2,614.30","1,757.30",5855301,"12,747,096,120.85",246254,69.80725988,1,45.55,183.77,16.96
140,21-Oct-20,EQ,"2,190.00","2,196.75","2,136.00","2,173.10","2,163.05","2,163.15","2,160.64","2,614.30","1,757.30",3954247,"8,543,686,140.65",211194,69.48763251,1,45.55,183.77,16.96
141,22-Oct-20,EQ,"2,160.00","2,187.25","2,153.20","2,163.15","2,178.00","2,179.35","2,169.44","2,614.30","1,757.30",2632959,"5,712,048,690.10",126818,70.00803084,1,45.55,183.77,16.96
142,23-Oct-20,EQ,"2,188.90","2,188.90","2,140.00","2,179.35","2,145.40","2,143.85","2,156.95","2,614.30","1,757.30",2805734,"6,051,824,361.45",145784,68.86765178,1,45.55,183.77,16.96
143,26-Oct-20,EQ,"2,150.00","2,172.00","2,142.30","2,143.85","2,168.50","2,166.75","2,157.28","2,614.30","1,757.30",1646050,"3,550,986,436.80",62225,69.60327658,1,45.55,183.77,16.96
144,27-Oct-20,EQ,"2,157.00","2,189.00","2,152.45","2,166.75","2,173.00","2,176.70","2,177.82","2,614.30","1,757.30",2334908,"5,085,001,531.35",98159,69.92290395,1,45.55,183.77,16.96
145,28-Oct-20,EQ,"2,183.95","2,183.95","2,144.10","2,176.70","2,156.90","2,164.35","2,156.04","2,614.30","1,757.30",1555484,"3,353,682,072.35",86062,69.52618053,1,45.55,183.77,16.96
146,29-Oct-20,EQ,"2,142.00","2,160.00","2,116.00","2,164.35","2,118.20","2,122.10","2,130.54","2,614.30","1,757.30",1934403,"4,121,331,653.70",87133,68.16896884,1,45.55,183.77,16.96
147,30-Oct-20,EQ,"2,118.20","2,120.00","2,068.00","2,122.10","2,075.00","2,071.30","2,087.65","2,614.30","1,757.30",2414328,"5,040,264,193.20",102925,66.53710247,1,45.55,183.77,16.96
148,2-Nov-20,EQ,"2,072.00","2,087.65","2,056.00","2,071.30","2,078.95","2,072.00","2,071.34","2,614.30","1,757.30",1486077,"3,078,164,445.25",70425,66.55958882,1,45.55,183.77,16.96
149,3-Nov-20,EQ,"2,091.80","2,091.80","2,043.00","2,072.00","2,049.95","2,055.70","2,058.15","2,614.30","1,757.30",2227402,"4,584,325,461.60",111638,66.03597816,1,45.55,183.77,16.96
150,4-Nov-20,EQ,"2,050.00","2,085.00","2,049.95","2,055.70","2,058.00","2,060.05","2,067.06","2,614.30","1,757.30",1479878,"3,058,997,337.65",78673,66.17571474,1,45.55,183.77,16.96
151,5-Nov-20,EQ,"2,087.00","2,112.00","2,061.30","2,060.05","2,104.00","2,102.35","2,098.63","2,614.30","1,757.30",2083827,"4,373,180,970.25",108509,67.53453261,1,45.55,183.77,16.96
152,6-Nov-20,EQ,"2,105.00","2,123.95","2,086.00","2,102.35","2,094.65","2,094.15","2,103.10","2,614.30","1,757.30",2127821,"4,475,024,106.60",111374,67.27112111,1,45.55,183.77,16.96
153,9-Nov-20,EQ,"2,120.00","2,137.65","2,108.05","2,094.15","2,130.00","2,132.55","2,126.12","2,614.30","1,757.30",2194404,"4,665,560,973.25",117069,68.50465789,1,45.55,183.77,16.96
154,10-Nov-20,EQ,"2,140.00","2,144.20","2,092.50","2,132.55","2,134.90","2,136.60","2,117.65","2,614.30","1,757.30",2471703,"5,234,196,126.80",148429,68.63475747,1,45.55,183.77,16.96
155,11-Nov-20,EQ,"2,136.60","2,138.60","2,104.60","2,136.60","2,135.00","2,131.15","2,121.39","2,614.30","1,757.30",2759942,"5,854,910,188.45",132518,68.45968519,1,45.55,183.77,16.96
156,12-Nov-20,EQ,"2,129.00","2,204.00","2,123.25","2,131.15","2,202.10","2,192.10","2,165.49","2,614.30","1,757.30",3010512,"6,519,238,504.25",129774,70.4176036,1,45.55,183.77,16.96
157,13-Nov-20,EQ,"2,205.00","2,218.40","2,178.25","2,192.10","2,185.00","2,185.35","2,198.02","2,614.30","1,757.30",2799165,"6,152,634,111.20",115691,70.20077096,1,45.55,183.77,16.96
158,14-Nov-20,EQ,"2,197.00","2,197.00","2,182.00","2,185.35","2,188.00","2,187.70","2,189.93","2,614.30","1,757.30",258276,"565,605,429.35",17372,70.27626084,1,45.55,183.77,16.96
159,17-Nov-20,EQ,"2,220.35","2,220.35","2,172.00","2,187.70","2,175.50","2,177.60","2,184.31","2,614.30","1,757.30",2733542,"5,970,903,945.70",122802,69.95181497,1,45.55,183.77,16.96
160,18-Nov-20,EQ,"2,170.00","2,170.00","2,125.90","2,177.60","2,134.90","2,132.10","2,139.35","2,614.30","1,757.30",3315051,"7,092,053,798.50",131423,68.49020238,1,45.55,183.77,16.96
161,19-Nov-20,EQ,"2,125.80","2,147.40","2,114.50","2,132.10","2,129.00","2,130.75","2,128.02","2,614.30","1,757.30",2704650,"5,755,558,941.55",110931,68.44683585,1,45.55,183.77,16.96
162,20-Nov-20,EQ,"2,135.00","2,142.00","2,100.50","2,130.75","2,117.95","2,120.25","2,118.39","2,614.30","1,757.30",2827038,"5,988,774,279.75",104133,68.10954064,1,45.55,183.77,16.96
163,23-Nov-20,EQ,"2,140.00","2,140.00","2,095.00","2,120.25","2,132.00","2,129.40","2,112.42","2,614.30","1,757.30",3244576,"6,853,899,198.60",168471,68.40346932,1,45.55,183.77,16.96
164,24-Nov-20,EQ,"2,132.00","2,161.00","2,122.40","2,129.40","2,157.90","2,157.35","2,147.15","2,614.30","1,757.30",1989749,"4,272,293,289.10",89046,69.30131706,1,45.55,183.77,16.96
165,25-Nov-20,EQ,"2,162.00","2,171.00","2,128.00","2,157.35","2,134.00","2,135.85","2,149.01","2,614.30","1,757.30",1786536,"3,839,286,196.30",122496,68.61066495,1,45.55,183.77,16.96
166,26-Nov-20,EQ,"2,140.00","2,162.00","2,122.55","2,135.85","2,158.15","2,154.20","2,138.81","2,614.30","1,757.30",1630887,"3,488,152,349.65",77739,69.20012849,1,45.55,183.77,16.96
167,27-Nov-20,EQ,"2,167.00","2,167.50","2,126.00","2,154.20","2,140.25","2,138.20","2,144.11","2,614.30","1,757.30",5687861,"12,195,372,531.15",164847,68.68615483,1,45.55,183.77,16.96
168,1-Dec-20,EQ,"2,159.00","2,159.00","2,129.60","2,138.20","2,134.90","2,133.05","2,140.20","2,614.30","1,757.30",2226742,"4,765,666,621.75",112019,68.52071956,1,45.55,183.77,16.96
169,2-Dec-20,EQ,"2,145.00","2,149.90","2,122.10","2,133.05","2,138.00","2,139.30","2,135.68","2,614.30","1,757.30",1634682,"3,491,156,739.90",113156,68.72149052,1,45.55,183.77,16.96
170,3-Dec-20,EQ,"2,153.00","2,156.40","2,120.10","2,139.30","2,130.00","2,127.75","2,129.65","2,614.30","1,757.30",3469163,"7,388,106,994.35",107371,68.35046579,1,45.55,183.77,16.96
171,4-Dec-20,EQ,"2,141.00","2,195.40","2,133.60","2,127.75","2,187.20","2,184.20","2,166.59","2,614.30","1,757.30",3712143,"8,042,709,753.15",168984,70.1638291,1,45.55,183.77,16.96
172,7-Dec-20,EQ,"2,189.25","2,259.60","2,187.00","2,184.20","2,255.00","2,256.15","2,234.52","2,614.30","1,757.30",4147649,"9,267,992,123.15",221068,72.4751044,1,45.55,183.77,16.96
173,8-Dec-20,EQ,"2,259.50","2,278.20","2,240.15","2,256.15","2,256.10","2,260.00","2,259.30","2,614.30","1,757.30",2768211,"6,254,218,795.05",117541,72.59877931,1,45.55,183.77,16.96
174,9-Dec-20,EQ,"2,260.00","2,296.00","2,243.25","2,260.00","2,288.55","2,292.20","2,277.55","2,614.30","1,757.30",2123890,"4,837,270,766.80",88955,73.6331513,1,45.55,183.77,16.96
175,10-Dec-20,EQ,"2,290.00","2,357.90","2,275.05","2,292.20","2,347.00","2,350.45","2,324.69","2,614.30","1,757.30",3041370,"7,070,241,197.70",138426,75.50433665,1,45.55,183.77,16.96
176,11-Dec-20,EQ,"2,366.25","2,385.00","2,333.00","2,350.45","2,368.95","2,374.75","2,366.22","2,614.30","1,757.30",2611218,"6,178,712,668.20",121673,76.28493415,1,45.55,183.77,16.96
177,14-Dec-20,EQ,"2,380.95","2,391.40","2,356.15","2,374.75","2,365.00","2,370.75","2,376.15","2,614.30","1,757.30",1575632,"3,743,944,644.45",105773,76.15644073,1,45.55,183.77,16.96
178,15-Dec-20,EQ,"2,361.00","2,363.95","2,307.30","2,370.75","2,321.60","2,320.05","2,328.05","2,614.30","1,757.30",2207176,"5,138,411,101.15",115486,74.5277867,1,45.55,183.77,16.96
179,16-Dec-20,EQ,"2,317.10","2,354.90","2,303.00","2,320.05","2,343.85","2,343.95","2,334.94","2,614.30","1,757.30",1748634,"4,082,957,980.05",91157,75.29553485,1,45.55,183.77,16.96
180,17-Dec-20,EQ,"2,342.00","2,342.00","2,310.00","2,343.95","2,316.95","2,315.30","2,319.69","2,614.30","1,757.30",1912868,"4,437,260,720.85",108168,74.37520077,1,45.55,183.77,16.96
181,18-Dec-20,EQ,"2,322.00","2,343.90","2,312.00","2,315.30","2,332.00","2,333.45","2,328.73","2,614.30","1,757.30",2229891,"5,192,815,866.85",115620,74.95823964,1,45.55,183.77,16.96
182,21-Dec-20,EQ,"2,343.00","2,350.00","2,265.10","2,333.45","2,295.00","2,305.95","2,322.58","2,614.30","1,757.30",2003069,"4,652,295,347.85",112679,74.07484741,1,45.55,183.77,16.96
183,22-Dec-20,EQ,"2,310.00","2,333.30","2,281.00","2,305.95","2,310.00","2,311.00","2,305.59","2,614.30","1,757.30",1764488,"4,068,192,316.80",113945,74.23707035,1,45.55,183.77,16.96
184,23-Dec-20,EQ,"2,320.00","2,377.30","2,303.25","2,311.00","2,373.00","2,370.35","2,340.43","2,614.30","1,757.30",1559556,"3,650,039,400.05",90894,76.14359139,1,45.55,183.77,16.96
185,24-Dec-20,EQ,"2,382.50","2,410.00","2,360.05","2,370.35","2,391.95","2,402.25","2,388.68","2,614.30","1,757.30",2489444,"5,946,476,943.05",112249,77.16832637,1,45.55,183.77,16.96
186,28-Dec-20,EQ,"2,405.00","2,417.40","2,376.05","2,402.25","2,391.95","2,388.90","2,391.48","2,614.30","1,757.30",1532477,"3,664,887,437.15",78260,76.7394796,1,45.55,183.77,16.96
187,29-Dec-20,EQ,"2,395.00","2,403.00","2,354.20","2,388.90","2,379.00","2,384.30","2,375.67","2,614.30","1,757.30",1749013,"4,155,069,915.20",89298,76.59171217,1,45.55,183.77,16.96
188,30-Dec-20,EQ,"2,390.00","2,414.65","2,376.00","2,384.30","2,403.00","2,406.60","2,397.80","2,614.30","1,757.30",1924886,"4,615,483,000.35",86753,77.30806296,1,45.55,183.77,16.96
189,31-Dec-20,EQ,"2,396.00","2,417.00","2,387.00","2,406.60","2,394.00","2,395.40","2,401.57","2,614.30","1,757.30",1709836,"4,106,283,063.30",78843,76.9482814,1,45.55,183.77,16.96
190,1-Jan-21,EQ,"2,395.40","2,404.00","2,382.00","2,395.40","2,393.00","2,387.55","2,388.16","2,614.30","1,757.30",830096,"1,982,405,105.40",53330,76.69611307,1,49.48,200.16,17
191,4-Jan-21,EQ,"2,405.00","2,430.00","2,400.70","2,387.55","2,427.15","2,426.50","2,420.63","2,614.30","1,757.30",1614486,"3,908,075,997.90",101066,77.9473177,1,49.48,200.16,17
192,5-Jan-21,EQ,"2,405.00","2,456.95","2,405.00","2,426.50","2,454.00","2,450.55","2,434.78","2,614.30","1,757.30",2356303,"5,737,079,984.05",123488,78.71988436,1,49.48,200.16,17
193,6-Jan-21,EQ,"2,445.80","2,450.00","2,401.60","2,450.55","2,414.65","2,417.30","2,424.17","2,614.30","1,757.30",1641627,"3,979,586,746.85",86124,77.65178285,1,49.48,200.16,17
194,7-Jan-21,EQ,"2,432.00","2,432.70","2,365.00","2,417.30","2,373.00","2,368.85","2,381.05","2,614.30","1,757.30",2403881,"5,723,751,984.75",134442,76.09540636,1,49.48,200.16,17
195,8-Jan-21,EQ,"2,390.00","2,400.00","2,360.80","2,368.85","2,392.95","2,391.20","2,376.68","2,614.30","1,757.30",2797948,"6,649,822,490.75",130288,76.81336332,1,49.48,200.16,17
196,11-Jan-21,EQ,"2,425.00","2,441.95","2,402.10","2,391.20","2,430.20","2,429.10","2,429.43","2,614.30","1,757.30",2787672,"6,772,443,993.45",111218,78.03083842,1,49.48,200.16,17
197,12-Jan-21,EQ,"2,429.80","2,433.10","2,372.00","2,429.10","2,380.70","2,375.90","2,387.74","2,614.30","1,757.30",2036708,"4,863,133,921.70",119419,76.321876,1,49.48,200.16,17
198,13-Jan-21,EQ,"2,381.90","2,398.00","2,364.60","2,375.90","2,371.00","2,372.35","2,380.05","2,614.30","1,757.30",1702740,"4,052,600,326.80",93485,76.2078381,1,49.48,200.16,17
199,14-Jan-21,EQ,"2,366.00","2,406.00","2,351.15","2,372.35","2,395.15","2,398.55","2,388.27","2,614.30","1,757.30",2120413,"5,064,111,296.60",103137,77.04946996,1,49.48,200.16,17
200,15-Jan-21,EQ,"2,392.50","2,407.00","2,342.80","2,398.55","2,351.00","2,351.15","2,369.12","2,614.30","1,757.30",2042957,"4,840,009,790.55",96722,75.526823,1,49.48,200.16,17
201,18-Jan-21,EQ,"2,374.50","2,374.50","2,320.65","2,351.15","2,323.00","2,332.60","2,348.24","2,614.30","1,757.30",1733797,"4,071,370,359.55",121351,74.93093479,1,49.48,200.16,17
202,19-Jan-21,EQ,"2,342.00","2,382.10","2,323.25","2,332.60","2,366.05","2,363.15","2,356.53","2,614.30","1,757.30",1495269,"3,523,653,036.25",110595,75.91230324,1,49.48,200.16,17
203,20-Jan-21,EQ,"2,357.00","2,373.95","2,346.30","2,363.15","2,359.30","2,355.95","2,358.95","2,614.30","1,757.30",1380562,"3,256,671,185.35",56821,75.6810151,1,49.48,200.16,17
204,21-Jan-21,EQ,"2,376.00","2,399.90","2,350.00","2,355.95","2,368.00","2,367.65","2,379.79","2,614.30","1,757.30",1521133,"3,619,970,951.85",109343,76.05685834,1,49.48,200.16,17
205,22-Jan-21,EQ,"2,359.00","2,422.00","2,357.00","2,367.65","2,402.00","2,409.35","2,401.25","2,614.30","1,757.30",2548089,"6,118,604,663.10",125848,77.39640218,1,49.48,200.16,17
206,25-Jan-21,EQ,"2,420.00","2,432.35","2,385.00","2,409.35","2,398.05","2,399.60","2,408.46","2,614.30","1,757.30",2124424,"5,116,580,933.90",121801,77.08319949,1,49.48,200.16,17
207,27-Jan-21,EQ,"2,425.00","2,425.00","2,335.00","2,399.60","2,403.00","2,391.30","2,376.31","2,614.30","1,757.30",2460297,"5,846,430,417.40",134530,76.81657565,1,49.48,200.16,17
208,28-Jan-21,EQ,"2,367.90","2,411.55","2,290.00","2,391.30","2,304.00","2,300.40","2,332.18","2,614.30","1,757.30",3867335,"9,019,311,004.40",235954,73.8965628,1,49.48,200.16,17
209,29-Jan-21,EQ,"2,315.10","2,322.30","2,251.00","2,300.40","2,264.50","2,263.90","2,278.17","2,614.30","1,757.30",4472694,"10,189,542,859.00",180375,72.72406039,1,49.48,200.16,17
210,1-Feb-21,EQ,"2,276.65","2,285.00","2,226.20","2,263.90","2,255.00","2,248.60","2,253.01","2,614.30","1,757.30",2717591,"6,122,754,356.05",127202,72.23257308,1,49.48,200.16,17
211,2-Feb-21,EQ,"2,271.05","2,275.00","2,205.00","2,248.60","2,225.00","2,230.45","2,233.77","2,614.30","1,757.30",4215607,"9,416,683,078.00",229142,71.64953421,1,49.48,200.16,17
212,3-Feb-21,EQ,"2,231.50","2,257.00","2,217.60","2,230.45","2,233.80","2,232.85","2,241.56","2,614.30","1,757.30",2353429,"5,275,363,066.20",115017,71.72663026,1,49.48,200.16,17
213,4-Feb-21,EQ,"2,239.00","2,259.00","2,226.20","2,232.85","2,247.00","2,245.60","2,242.04","2,614.30","1,757.30",2908003,"6,519,860,226.95",110128,72.13620302,1,49.48,200.16,17
214,5-Feb-21,EQ,"2,245.60","2,285.00","2,241.00","2,245.60","2,267.05","2,269.55","2,263.84","2,614.30","1,757.30",4036942,"9,139,002,202.10",135087,72.90555734,1,49.48,200.16,17
215,8-Feb-21,EQ,"2,288.00","2,288.70","2,230.30","2,269.55","2,237.00","2,236.65","2,253.22","2,614.30","1,757.30",2780672,"6,265,466,321.20",155971,71.848699,1,49.48,200.16,17
216,9-Feb-21,EQ,"2,247.00","2,254.70","2,210.50","2,236.65","2,215.90","2,216.25","2,232.98","2,614.30","1,757.30",3131481,"6,992,539,754.80",130930,71.19338259,1,49.48,200.16,17
217,10-Feb-21,EQ,"2,220.00","2,241.00","2,212.75","2,216.25","2,240.00","2,235.50","2,227.12","2,614.30","1,757.30",2055520,"4,577,890,386.55",108586,71.81175715,1,49.48,200.16,17
218,11-Feb-21,EQ,"2,242.00","2,268.00","2,234.05","2,235.50","2,263.00","2,263.00","2,256.94","2,614.30","1,757.30",1824480,"4,117,741,476.75",75386,72.69514937,1,49.48,200.16,17
219,12-Feb-21,EQ,"2,268.00","2,272.25","2,232.00","2,263.00","2,241.50","2,241.55","2,249.09","2,614.30","1,757.30",1222094,"2,748,604,802.80",64732,72.00610344,1,49.48,200.16,17
220,15-Feb-21,EQ,"2,251.00","2,261.75","2,213.00","2,241.55","2,217.90","2,215.20","2,238.32","2,614.30","1,757.30",2449407,"5,482,545,886.05",100151,71.15965307,1,49.48,200.16,17
221,16-Feb-21,EQ,"2,227.00","2,229.05","2,190.05","2,215.20","2,197.00","2,196.10","2,205.05","2,614.30","1,757.30",2396356,"5,284,088,110.35",128657,70.54609701,1,49.48,200.16,17
222,17-Feb-21,EQ,"2,196.00","2,201.55","2,160.00","2,196.10","2,165.00","2,163.90","2,174.96","2,614.30","1,757.30",2447956,"5,324,202,066.35",116919,69.51172502,1,49.48,200.16,17
223,18-Feb-21,EQ,"2,164.00","2,168.55","2,143.20","2,163.90","2,147.50","2,146.85","2,156.51","2,614.30","1,757.30",3205806,"6,913,345,785.00",201161,68.96402184,1,49.48,200.16,17
224,19-Feb-21,EQ,"2,152.90","2,194.00","2,150.00","2,146.85","2,185.00","2,181.10","2,175.63","2,614.30","1,757.30",3364030,"7,318,886,379.50",141166,70.06424671,1,49.48,200.16,17
225,22-Feb-21,EQ,"2,205.00","2,205.00","2,161.60","2,181.10","2,166.45","2,167.60","2,176.78","2,614.30","1,757.30",2678023,"5,829,472,168.10",117761,69.63058143,1,49.48,200.16,17
226,23-Feb-21,EQ,"2,185.00","2,192.35","2,170.20","2,167.60","2,180.00","2,179.25","2,181.63","2,614.30","1,757.30",2062144,"4,498,840,002.15",105107,70.0048185,1,49.48,200.16,17
227,24-Feb-21,EQ,"2,188.50","2,188.50","2,155.55","2,179.25","2,183.00","2,178.85","2,171.16","2,614.30","1,757.30",924143,"2,006,465,103.70",58233,69.99196916,1,49.48,200.16,17
228,25-Feb-21,EQ,"2,177.00","2,185.00","2,160.00","2,178.85","2,163.45","2,163.30","2,166.03","2,614.30","1,757.30",2099460,"4,547,499,726.30",130291,69.49245101,1,49.48,200.16,17
229,26-Feb-21,EQ,"2,158.00","2,182.40","2,120.00","2,163.30","2,127.80","2,132.05","2,144.65","2,614.30","1,757.30",3413194,"7,320,099,585.30",155473,68.48859621,1,49.48,200.16,17
230,1-Mar-21,EQ,"2,135.20","2,154.00","2,128.00","2,132.05","2,152.60","2,143.40","2,141.30","2,614.30","1,757.30",1229276,"2,632,252,795.80",74315,68.85319627,1,49.48,200.16,17
231,2-Mar-21,EQ,"2,162.00","2,183.90","2,140.55","2,143.40","2,182.00","2,177.95","2,165.31","2,614.30","1,757.30",2095135,"4,536,608,563.00",104481,69.96305814,1,49.48,200.16,17
232,3-Mar-21,EQ,"2,205.00","2,205.00","2,173.50","2,177.95","2,194.40","2,193.50","2,188.53","2,614.30","1,757.30",2031893,"4,446,861,528.75",103327,70.46257629,1,49.48,200.16,17
233,4-Mar-21,EQ,"2,185.00","2,203.50","2,174.00","2,193.50","2,195.05","2,196.90","2,190.43","2,614.30","1,757.30",2290915,"5,018,096,545.20",85341,70.5717957,1,49.48,200.16,17
234,5-Mar-21,EQ,"2,184.60","2,209.95","2,175.25","2,196.90","2,203.10","2,201.10","2,196.80","2,614.30","1,757.30",2129837,"4,678,816,274.10",88576,70.70671378,1,49.48,200.16,17
235,8-Mar-21,EQ,"2,210.00","2,216.10","2,169.00","2,201.10","2,170.00","2,174.55","2,192.68","2,614.30","1,757.30",1440724,"3,159,049,599.55",73807,69.85383874,1,49.48,200.16,17
236,9-Mar-21,EQ,"2,176.00","2,205.00","2,162.05","2,174.55","2,197.00","2,198.50","2,182.54","2,614.30","1,757.30",1711842,"3,736,157,321.00",82788,70.62319306,1,49.48,200.16,17
237,10-Mar-21,EQ,"2,210.50","2,236.90","2,193.20","2,198.50","2,226.60","2,227.85","2,220.78","2,614.30","1,757.30",2696085,"5,987,410,139.60",85058,71.56601349,1,49.48,200.16,17
238,12-Mar-21,EQ,"2,236.00","2,239.90","2,200.00","2,227.85","2,206.00","2,204.75","2,214.35","2,614.30","1,757.30",2038930,"4,514,904,259.85",107915,70.82396402,1,49.48,200.16,17
239,15-Mar-21,EQ,"2,206.10","2,217.45","2,183.30","2,204.75","2,208.70","2,210.85","2,205.54","2,614.30","1,757.30",1632088,"3,599,632,094.90",110275,71.01991648,1,49.48,200.16,17
240,16-Mar-21,EQ,"2,221.35","2,247.50","2,214.30","2,210.85","2,246.00","2,244.05","2,232.54","2,614.30","1,757.30",2633605,"5,879,633,883.55",86046,72.08641182,1,49.48,200.16,17
241,17-Mar-21,EQ,"2,254.00","2,262.00","2,219.25","2,244.05","2,223.00","2,226.30","2,237.77","2,614.30","1,757.30",3703365,"8,287,261,163.10",109036,71.51622229,1,49.48,200.16,17
242,18-Mar-21,EQ,"2,238.00","2,249.90","2,205.00","2,226.30","2,218.00","2,215.20","2,231.98","2,614.30","1,757.30",2597091,"5,796,655,824.95",92568,71.15965307,1,49.48,200.16,17
243,19-Mar-21,EQ,"2,204.10","2,325.25","2,191.50","2,215.20","2,315.00","2,312.05","2,278.71","2,614.30","1,757.30",5382214,"12,264,520,444.10",174424,74.27079987,1,49.48,200.16,17
244,22-Mar-21,EQ,"2,310.10","2,356.50","2,302.00","2,312.05","2,352.00","2,353.20","2,334.61","2,614.30","1,850.00",2471516,"5,770,029,906.95",118896,75.59267588,1,49.48,200.16,17
245,23-Mar-21,EQ,"2,363.00","2,372.95","2,333.40","2,353.20","2,339.10","2,337.30","2,355.33","2,614.30","1,850.00",1970612,"4,641,439,390.20",146354,75.08191455,1,49.48,200.16,17
246,24-Mar-21,EQ,"2,337.30","2,350.90","2,315.55","2,337.30","2,319.70","2,318.60","2,337.43","2,614.30","1,850.00",1762743,"4,120,287,209.40",83351,74.48120784,1,49.48,200.16,17
247,25-Mar-21,EQ,"2,318.60","2,322.00","2,231.05","2,318.60","2,248.95","2,237.05","2,265.02","2,614.30","1,850.00",2495833,"5,653,099,230.35",118114,71.86154835,1,49.48,200.16,17
248,26-Mar-21,EQ,"2,255.00","2,325.00","2,248.80","2,237.05","2,307.05","2,317.90","2,300.37","2,614.30","1,850.00",1929236,"4,437,960,436.25",110831,74.45872149,1,49.48,200.16,17
249,30-Mar-21,EQ,"2,325.00","2,406.00","2,325.00","2,317.90","2,393.00","2,398.75","2,388.17","2,614.30","1,902.00",3327205,"7,945,933,914.25",156830,77.05589464,1,49.48,200.16,17
250,31-Mar-21,EQ,"2,386.00","2,438.60","2,381.65","2,398.75","2,420.00","2,431.50","2,417.72","2,614.30","1,902.00",2709756,"6,551,425,953.65",138821,78.10793447,1,49.48,200.16,17
